id,"name",category_id,"created_at","updated_at"
1,"Tシャツ/カットソー(半袖/袖なし)",1,"2017-06-28 07:15:06","2017-06-28 07:15:06"
2,"Tシャツ/カットソー(七分/長袖)",1,"2017-06-28 07:15:06","2017-06-28 07:15:06"
3,"シャツ/ブラウス(半袖/袖なし)",1,"2017-06-28 07:15:06","2017-06-28 07:15:06"
4,"シャツ/ブラウス(七分/長袖)",1,"2017-06-28 07:15:06","2017-06-28 07:15:06"
5,"ポロシャツ",1,"2017-06-28 07:15:06","2017-06-28 07:15:06"
6,"キャミソール",1,"2017-06-28 07:15:06","2017-06-28 07:15:06"
7,"タンクトップ",1,"2017-06-28 07:15:06","2017-06-28 07:15:06"
8,"ホルターネック",1,"2017-06-28 07:15:06","2017-06-28 07:15:06"
9,"ニット/セーター",1,"2017-06-28 07:15:06","2017-06-28 07:15:06"
10,"チュニック",1,"2017-06-28 07:15:06","2017-06-28 07:15:06"
11,"カーディガン/ボレロ",1,"2017-06-28 07:15:06","2017-06-28 07:15:06"
12,"アンサンブル",1,"2017-06-28 07:15:06","2017-06-28 07:15:06"
13,"ベスト/ジレ",1,"2017-06-28 07:15:06","2017-06-28 07:15:06"
14,"パーカー",1,"2017-06-28 07:15:06","2017-06-28 07:15:06"
15,"トレーナー/スウェット",1,"2017-06-28 07:15:06","2017-06-28 07:15:06"
16,"ベアトップ/チューブトップ",1,"2017-06-28 07:15:06","2017-06-28 07:15:06"
17,"ジャージ",1,"2017-06-28 07:15:06","2017-06-28 07:15:06"
18,"その他",1,"2017-06-28 07:15:06","2017-06-28 07:15:06"
19,"テーラードジャケット",2,"2017-06-28 07:15:06","2017-06-28 07:15:06"
20,"ノーカラージャケット",2,"2017-06-28 07:15:06","2017-06-28 07:15:06"
21,"Gジャン/デニムジャケット",2,"2017-06-28 07:15:06","2017-06-28 07:15:06"
22,"レザージャケット",2,"2017-06-28 07:15:06","2017-06-28 07:15:06"
23,"ダウンジャケット",2,"2017-06-28 07:15:06","2017-06-28 07:15:06"
24,"ライダースジャケット",2,"2017-06-28 07:15:06","2017-06-28 07:15:06"
25,"ミリタリージャケット",2,"2017-06-28 07:15:07","2017-06-28 07:15:07"
26,"ダウンベスト",2,"2017-06-28 07:15:07","2017-06-28 07:15:07"
27,"ジャンパー/ブルゾン",2,"2017-06-28 07:15:07","2017-06-28 07:15:07"
28,"ポンチョ",2,"2017-06-28 07:15:07","2017-06-28 07:15:07"
29,"ロングコート",2,"2017-06-28 07:15:07","2017-06-28 07:15:07"
30,"トレンチコート",2,"2017-06-28 07:15:07","2017-06-28 07:15:07"
31,"ダッフルコート",2,"2017-06-28 07:15:07","2017-06-28 07:15:07"
32,"ピーコート",2,"2017-06-28 07:15:07","2017-06-28 07:15:07"
33,"チェスターコート",2,"2017-06-28 07:15:07","2017-06-28 07:15:07"
34,"モッズコート",2,"2017-06-28 07:15:07","2017-06-28 07:15:07"
35,"スタジャン",2,"2017-06-28 07:15:07","2017-06-28 07:15:07"
36,"毛皮/ファーコート",2,"2017-06-28 07:15:07","2017-06-28 07:15:07"
37,"スプリングコート",2,"2017-06-28 07:15:07","2017-06-28 07:15:07"
38,"スカジャン",2,"2017-06-28 07:15:07","2017-06-28 07:15:07"
39,"その他",2,"2017-06-28 07:15:07","2017-06-28 07:15:07"
40,"デニム/ジーンズ",3,"2017-06-28 07:15:07","2017-06-28 07:15:07"
41,"ショートパンツ",3,"2017-06-28 07:15:07","2017-06-28 07:15:07"
42,"カジュアルパンツ",3,"2017-06-28 07:15:07","2017-06-28 07:15:07"
43,"ハーフパンツ",3,"2017-06-28 07:15:07","2017-06-28 07:15:07"
44,"チノパン",3,"2017-06-28 07:15:07","2017-06-28 07:15:07"
45,"ワークパンツ/カーゴパンツ",3,"2017-06-28 07:15:07","2017-06-28 07:15:07"
46,"クロップドパンツ",3,"2017-06-28 07:15:07","2017-06-28 07:15:07"
47,"サロペット/オーバーオール",3,"2017-06-28 07:15:07","2017-06-28 07:15:07"
48,"オールインワン",3,"2017-06-28 07:15:07","2017-06-28 07:15:07"
49,"サルエルパンツ",3,"2017-06-28 07:15:07","2017-06-28 07:15:07"
50,"ガウチョパンツ",3,"2017-06-28 07:15:07","2017-06-28 07:15:07"
51,"その他",3,"2017-06-28 07:15:07","2017-06-28 07:15:07"
52,"ミニスカート",4,"2017-06-28 07:15:07","2017-06-28 07:15:07"
53,"ひざ丈スカート",4,"2017-06-28 07:15:07","2017-06-28 07:15:07"
54,"ロングスカート",4,"2017-06-28 07:15:07","2017-06-28 07:15:07"
55,"キュロット",4,"2017-06-28 07:15:07","2017-06-28 07:15:07"
56,"その他",4,"2017-06-28 07:15:07","2017-06-28 07:15:07"
57,"ミニワンピース",5,"2017-06-28 07:15:07","2017-06-28 07:15:07"
58,"ひざ丈ワンピース",5,"2017-06-28 07:15:07","2017-06-28 07:15:07"
59,"ロングワンピース",5,"2017-06-28 07:15:07","2017-06-28 07:15:07"
60,"その他",5,"2017-06-28 07:15:07","2017-06-28 07:15:07"
61,"ハイヒール/パンプス",6,"2017-06-28 07:15:07","2017-06-28 07:15:07"
62,"ブーツ",6,"2017-06-28 07:15:07","2017-06-28 07:15:07"
63,"サンダル",6,"2017-06-28 07:15:07","2017-06-28 07:15:07"
64,"スニーカー",6,"2017-06-28 07:15:07","2017-06-28 07:15:07"
65,"ミュール",6,"2017-06-28 07:15:07","2017-06-28 07:15:07"
66,"モカシン",6,"2017-06-28 07:15:07","2017-06-28 07:15:07"
67,"ローファー/革靴",6,"2017-06-28 07:15:07","2017-06-28 07:15:07"
68,"フラットシューズ/バレエシューズ",6,"2017-06-28 07:15:07","2017-06-28 07:15:07"
69,"長靴/レインシューズ",6,"2017-06-28 07:15:07","2017-06-28 07:15:07"
70,"その他",6,"2017-06-28 07:15:07","2017-06-28 07:15:07"
71,"パジャマ",7,"2017-06-28 07:15:07","2017-06-28 07:15:07"
72,"ルームウェア",7,"2017-06-28 07:15:07","2017-06-28 07:15:07"
73,"ソックス",8,"2017-06-28 07:15:07","2017-06-28 07:15:07"
74,"スパッツ/レギンス",8,"2017-06-28 07:15:07","2017-06-28 07:15:07"
75,"ストッキング/タイツ",8,"2017-06-28 07:15:07","2017-06-28 07:15:07"
76,"レッグウォーマー",8,"2017-06-28 07:15:07","2017-06-28 07:15:07"
77,"その他",8,"2017-06-28 07:15:07","2017-06-28 07:15:07"
78,"ニットキャップ/ビーニー",9,"2017-06-28 07:15:07","2017-06-28 07:15:07"
79,"ハット",9,"2017-06-28 07:15:07","2017-06-28 07:15:07"
80,"ハンチング/ベレー帽",9,"2017-06-28 07:15:07","2017-06-28 07:15:07"
81,"キャップ",9,"2017-06-28 07:15:07","2017-06-28 07:15:07"
82,"キャスケット",9,"2017-06-28 07:15:07","2017-06-28 07:15:07"
83,"麦わら帽子",9,"2017-06-28 07:15:07","2017-06-28 07:15:07"
84,"その他",9,"2017-06-28 07:15:07","2017-06-28 07:15:07"
85,"ハンドバッグ",10,"2017-06-28 07:15:07","2017-06-28 07:15:07"
86,"トートバッグ",10,"2017-06-28 07:15:07","2017-06-28 07:15:07"
87,"エコバッグ",10,"2017-06-28 07:15:07","2017-06-28 07:15:07"
88,"リュック/バックパック",10,"2017-06-28 07:15:07","2017-06-28 07:15:07"
89,"ボストンバッグ",10,"2017-06-28 07:15:07","2017-06-28 07:15:07"
90,"スポーツバッグ",10,"2017-06-28 07:15:07","2017-06-28 07:15:07"
91,"ショルダーバッグ",10,"2017-06-28 07:15:07","2017-06-28 07:15:07"
92,"クラッチバッグ",10,"2017-06-28 07:15:07","2017-06-28 07:15:07"
93,"ポーチ/バニティ",10,"2017-06-28 07:15:07","2017-06-28 07:15:07"
94,"ボディバッグ/ウェストバッグ",10,"2017-06-28 07:15:07","2017-06-28 07:15:07"
95,"マザーズバッグ",10,"2017-06-28 07:15:07","2017-06-28 07:15:07"
96,"メッセンジャーバッグ",10,"2017-06-28 07:15:07","2017-06-28 07:15:07"
97,"ビジネスバッグ",10,"2017-06-28 07:15:07","2017-06-28 07:15:07"
98,"旅行用バッグ/キャリーバッグ",10,"2017-06-28 07:15:07","2017-06-28 07:15:07"
99,"ショップ袋",10,"2017-06-28 07:15:07","2017-06-28 07:15:07"
100,"和装用バッグ",10,"2017-06-28 07:15:07","2017-06-28 07:15:07"
101,"かごバッグ",10,"2017-06-28 07:15:07","2017-06-28 07:15:07"
102,"その他",10,"2017-06-28 07:15:07","2017-06-28 07:15:07"
103,"ネックレス",11,"2017-06-28 07:15:07","2017-06-28 07:15:07"
104,"ブレスレット",11,"2017-06-28 07:15:07","2017-06-28 07:15:07"
105,"バングル/リストバンド",11,"2017-06-28 07:15:07","2017-06-28 07:15:07"
106,"リング",11,"2017-06-28 07:15:07","2017-06-28 07:15:07"
107,"ピアス(片耳用)",11,"2017-06-28 07:15:07","2017-06-28 07:15:07"
108,"ピアス(両耳用)",11,"2017-06-28 07:15:07","2017-06-28 07:15:07"
109,"イヤリング",11,"2017-06-28 07:15:07","2017-06-28 07:15:07"
110,"アンクレット",11,"2017-06-28 07:15:07","2017-06-28 07:15:07"
111,"ブローチ/コサージュ",11,"2017-06-28 07:15:07","2017-06-28 07:15:07"
112,"チャーム",11,"2017-06-28 07:15:07","2017-06-28 07:15:07"
113,"その他",11,"2017-06-28 07:15:07","2017-06-28 07:15:07"
114,"ヘアゴム/シュシュ",12,"2017-06-28 07:15:07","2017-06-28 07:15:07"
115,"ヘアバンド/カチューシャ",12,"2017-06-28 07:15:07","2017-06-28 07:15:07"
116,"ヘアピン",12,"2017-06-28 07:15:07","2017-06-28 07:15:07"
117,"その他",12,"2017-06-28 07:15:07","2017-06-28 07:15:07"
118,"長財布",13,"2017-06-28 07:15:07","2017-06-28 07:15:07"
119,"折り財布",13,"2017-06-28 07:15:07","2017-06-28 07:15:07"
120,"コインケース/小銭入れ",13,"2017-06-28 07:15:07","2017-06-28 07:15:07"
121,"名刺入れ/定期入れ",13,"2017-06-28 07:15:08","2017-06-28 07:15:08"
122,"キーケース",13,"2017-06-28 07:15:08","2017-06-28 07:15:08"
123,"キーホルダー",13,"2017-06-28 07:15:08","2017-06-28 07:15:08"
124,"手袋/アームカバー",13,"2017-06-28 07:15:08","2017-06-28 07:15:08"
125,"ハンカチ",13,"2017-06-28 07:15:08","2017-06-28 07:15:08"
126,"ベルト",13,"2017-06-28 07:15:08","2017-06-28 07:15:08"
127,"マフラー/ショール",13,"2017-06-28 07:15:08","2017-06-28 07:15:08"
128,"ストール/スヌード",13,"2017-06-28 07:15:08","2017-06-28 07:15:08"
129,"バンダナ/スカーフ",13,"2017-06-28 07:15:08","2017-06-28 07:15:08"
130,"ネックウォーマー",13,"2017-06-28 07:15:08","2017-06-28 07:15:08"
131,"サスペンダー",13,"2017-06-28 07:15:08","2017-06-28 07:15:08"
132,"サングラス/メガネ",13,"2017-06-28 07:15:08","2017-06-28 07:15:08"
133,"モバイルケース/カバー",13,"2017-06-28 07:15:08","2017-06-28 07:15:08"
134,"手帳",13,"2017-06-28 07:15:08","2017-06-28 07:15:08"
135,"イヤマフラー",13,"2017-06-28 07:15:08","2017-06-28 07:15:08"
136,"傘",13,"2017-06-28 07:15:08","2017-06-28 07:15:08"
137,"レインコート/ポンチョ",13,"2017-06-28 07:15:08","2017-06-28 07:15:08"
138,"ミラー",13,"2017-06-28 07:15:08","2017-06-28 07:15:08"
139,"タバコグッズ",13,"2017-06-28 07:15:08","2017-06-28 07:15:08"
140,"その他",13,"2017-06-28 07:15:08","2017-06-28 07:15:08"
141,"腕時計(アナログ)",14,"2017-06-28 07:15:08","2017-06-28 07:15:08"
142,"腕時計(デジタル)",14,"2017-06-28 07:15:08","2017-06-28 07:15:08"
143,"ラバーベルト",14,"2017-06-28 07:15:08","2017-06-28 07:15:08"
144,"レザーベルト",14,"2017-06-28 07:15:08","2017-06-28 07:15:08"
145,"金属ベルト",14,"2017-06-28 07:15:08","2017-06-28 07:15:08"
146,"その他",14,"2017-06-28 07:15:08","2017-06-28 07:15:08"
147,"前髪ウィッグ",15,"2017-06-28 07:15:08","2017-06-28 07:15:08"
148,"ロングストレート",15,"2017-06-28 07:15:08","2017-06-28 07:15:08"
149,"ロングカール",15,"2017-06-28 07:15:08","2017-06-28 07:15:08"
150,"ショートストレート",15,"2017-06-28 07:15:08","2017-06-28 07:15:08"
151,"ショートカール",15,"2017-06-28 07:15:08","2017-06-28 07:15:08"
152,"その他",15,"2017-06-28 07:15:08","2017-06-28 07:15:08"
153,"浴衣",16,"2017-06-28 07:15:08","2017-06-28 07:15:08"
154,"着物",16,"2017-06-28 07:15:08","2017-06-28 07:15:08"
155,"振袖",16,"2017-06-28 07:15:08","2017-06-28 07:15:08"
156,"長襦袢/半襦袢",16,"2017-06-28 07:15:08","2017-06-28 07:15:08"
157,"水着セパレート",16,"2017-06-28 07:15:08","2017-06-28 07:15:08"
158,"水着ワンピース",16,"2017-06-28 07:15:08","2017-06-28 07:15:08"
159,"水着スポーツ用",16,"2017-06-28 07:15:08","2017-06-28 07:15:08"
160,"その他",16,"2017-06-28 07:15:08","2017-06-28 07:15:08"
161,"スカートスーツ上下",17,"2017-06-28 07:15:08","2017-06-28 07:15:08"
162,"パンツスーツ上下",17,"2017-06-28 07:15:08","2017-06-28 07:15:08"
163,"ドレス",17,"2017-06-28 07:15:08","2017-06-28 07:15:08"
164,"パーティーバッグ",17,"2017-06-28 07:15:08","2017-06-28 07:15:08"
165,"シューズ",17,"2017-06-28 07:15:08","2017-06-28 07:15:08"
166,"ウェディングドレス",17,"2017-06-28 07:15:08","2017-06-28 07:15:08"
167,"その他",17,"2017-06-28 07:15:08","2017-06-28 07:15:08"
168,"トップス",18,"2017-06-28 07:15:08","2017-06-28 07:15:08"
169,"アウター",18,"2017-06-28 07:15:08","2017-06-28 07:15:08"
170,"インナー",18,"2017-06-28 07:15:08","2017-06-28 07:15:08"
171,"ワンピース",18,"2017-06-28 07:15:08","2017-06-28 07:15:08"
172,"パンツ/スパッツ",18,"2017-06-28 07:15:08","2017-06-28 07:15:08"
173,"スカート",18,"2017-06-28 07:15:08","2017-06-28 07:15:08"
174,"パジャマ",18,"2017-06-28 07:15:08","2017-06-28 07:15:08"
175,"授乳服",18,"2017-06-28 07:15:08","2017-06-28 07:15:08"
176,"その他",18,"2017-06-28 07:15:08","2017-06-28 07:15:08"
177,"コスプレ",19,"2017-06-28 07:15:08","2017-06-28 07:15:08"
178,"下着",19,"2017-06-28 07:15:08","2017-06-28 07:15:08"
179,"その他",19,"2017-06-28 07:15:08","2017-06-28 07:15:08"
180,"Tシャツ/カットソー(半袖/袖なし)",20,"2017-06-28 07:15:08","2017-06-28 07:15:08"
181,"Tシャツ/カットソー(七分/長袖)",20,"2017-06-28 07:15:08","2017-06-28 07:15:08"
182,"シャツ",20,"2017-06-28 07:15:08","2017-06-28 07:15:08"
183,"ポロシャツ",20,"2017-06-28 07:15:08","2017-06-28 07:15:08"
184,"タンクトップ",20,"2017-06-28 07:15:08","2017-06-28 07:15:08"
185,"ニット/セーター",20,"2017-06-28 07:15:08","2017-06-28 07:15:08"
186,"パーカー",20,"2017-06-28 07:15:08","2017-06-28 07:15:08"
187,"カーディガン",20,"2017-06-28 07:15:08","2017-06-28 07:15:08"
188,"スウェット",20,"2017-06-28 07:15:08","2017-06-28 07:15:08"
189,"ジャージ",20,"2017-06-28 07:15:08","2017-06-28 07:15:08"
190,"ベスト",20,"2017-06-28 07:15:08","2017-06-28 07:15:08"
191,"その他",20,"2017-06-28 07:15:08","2017-06-28 07:15:08"
192,"テーラードジャケット",21,"2017-06-28 07:15:08","2017-06-28 07:15:08"
193,"ノーカラージャケット",21,"2017-06-28 07:15:08","2017-06-28 07:15:08"
194,"Gジャン/デニムジャケット",21,"2017-06-28 07:15:08","2017-06-28 07:15:08"
195,"レザージャケット",21,"2017-06-28 07:15:08","2017-06-28 07:15:08"
196,"ダウンジャケット",21,"2017-06-28 07:15:08","2017-06-28 07:15:08"
197,"ライダースジャケット",21,"2017-06-28 07:15:08","2017-06-28 07:15:08"
198,"ミリタリージャケット",21,"2017-06-28 07:15:08","2017-06-28 07:15:08"
199,"ナイロンジャケット",21,"2017-06-28 07:15:08","2017-06-28 07:15:08"
200,"フライトジャケット",21,"2017-06-28 07:15:08","2017-06-28 07:15:08"
201,"ダッフルコート",21,"2017-06-28 07:15:08","2017-06-28 07:15:08"
202,"ピーコート",21,"2017-06-28 07:15:08","2017-06-28 07:15:08"
203,"ステンカラーコート",21,"2017-06-28 07:15:08","2017-06-28 07:15:08"
204,"トレンチコート",21,"2017-06-28 07:15:08","2017-06-28 07:15:08"
205,"モッズコート",21,"2017-06-28 07:15:08","2017-06-28 07:15:08"
206,"チェスターコート",21,"2017-06-28 07:15:08","2017-06-28 07:15:08"
207,"スタジャン",21,"2017-06-28 07:15:08","2017-06-28 07:15:08"
208,"スカジャン",21,"2017-06-28 07:15:09","2017-06-28 07:15:09"
209,"ブルゾン",21,"2017-06-28 07:15:09","2017-06-28 07:15:09"
210,"マウンテンパーカー",21,"2017-06-28 07:15:09","2017-06-28 07:15:09"
211,"ダウンベスト",21,"2017-06-28 07:15:09","2017-06-28 07:15:09"
212,"ポンチョ",21,"2017-06-28 07:15:09","2017-06-28 07:15:09"
213,"カバーオール",21,"2017-06-28 07:15:09","2017-06-28 07:15:09"
214,"その他",21,"2017-06-28 07:15:09","2017-06-28 07:15:09"
215,"デニム/ジーンズ",22,"2017-06-28 07:15:09","2017-06-28 07:15:09"
216,"ワークパンツ/カーゴパンツ",22,"2017-06-28 07:15:09","2017-06-28 07:15:09"
217,"スラックス",22,"2017-06-28 07:15:09","2017-06-28 07:15:09"
218,"チノパン",22,"2017-06-28 07:15:09","2017-06-28 07:15:09"
219,"ショートパンツ",22,"2017-06-28 07:15:09","2017-06-28 07:15:09"
220,"ペインターパンツ",22,"2017-06-28 07:15:09","2017-06-28 07:15:09"
221,"サルエルパンツ",22,"2017-06-28 07:15:09","2017-06-28 07:15:09"
222,"オーバーオール",22,"2017-06-28 07:15:09","2017-06-28 07:15:09"
223,"その他",22,"2017-06-28 07:15:09","2017-06-28 07:15:09"
224,"スニーカー",23,"2017-06-28 07:15:09","2017-06-28 07:15:09"
225,"サンダル",23,"2017-06-28 07:15:09","2017-06-28 07:15:09"
226,"ブーツ",23,"2017-06-28 07:15:09","2017-06-28 07:15:09"
227,"モカシン",23,"2017-06-28 07:15:09","2017-06-28 07:15:09"
228,"ドレス/ビジネス",23,"2017-06-28 07:15:09","2017-06-28 07:15:09"
229,"長靴/レインシューズ",23,"2017-06-28 07:15:09","2017-06-28 07:15:09"
230,"デッキシューズ",23,"2017-06-28 07:15:09","2017-06-28 07:15:09"
231,"その他",23,"2017-06-28 07:15:09","2017-06-28 07:15:09"
232,"ショルダーバッグ",24,"2017-06-28 07:15:09","2017-06-28 07:15:09"
233,"トートバッグ",24,"2017-06-28 07:15:09","2017-06-28 07:15:09"
234,"ボストンバッグ",24,"2017-06-28 07:15:09","2017-06-28 07:15:09"
235,"リュック/バックパック",24,"2017-06-28 07:15:09","2017-06-28 07:15:09"
236,"ウエストポーチ",24,"2017-06-28 07:15:09","2017-06-28 07:15:09"
237,"ボディーバッグ",24,"2017-06-28 07:15:09","2017-06-28 07:15:09"
238,"ドラムバッグ",24,"2017-06-28 07:15:09","2017-06-28 07:15:09"
239,"ビジネスバッグ",24,"2017-06-28 07:15:09","2017-06-28 07:15:09"
240,"トラベルバッグ",24,"2017-06-28 07:15:09","2017-06-28 07:15:09"
241,"メッセンジャーバッグ",24,"2017-06-28 07:15:09","2017-06-28 07:15:09"
242,"エコバッグ",24,"2017-06-28 07:15:09","2017-06-28 07:15:09"
243,"その他",24,"2017-06-28 07:15:09","2017-06-28 07:15:09"
244,"スーツジャケット",25,"2017-06-28 07:15:09","2017-06-28 07:15:09"
245,"スーツベスト",25,"2017-06-28 07:15:09","2017-06-28 07:15:09"
246,"スラックス",25,"2017-06-28 07:15:09","2017-06-28 07:15:09"
247,"セットアップ",25,"2017-06-28 07:15:09","2017-06-28 07:15:09"
248,"その他",25,"2017-06-28 07:15:09","2017-06-28 07:15:09"
249,"キャップ",26,"2017-06-28 07:15:09","2017-06-28 07:15:09"
250,"ハット",26,"2017-06-28 07:15:09","2017-06-28 07:15:09"
251,"ニットキャップ/ビーニー",26,"2017-06-28 07:15:09","2017-06-28 07:15:09"
252,"ハンチング/ベレー帽",26,"2017-06-28 07:15:09","2017-06-28 07:15:09"
253,"キャスケット",26,"2017-06-28 07:15:09","2017-06-28 07:15:09"
254,"サンバイザー",26,"2017-06-28 07:15:09","2017-06-28 07:15:09"
255,"その他",26,"2017-06-28 07:15:09","2017-06-28 07:15:09"
256,"ネックレス",27,"2017-06-28 07:15:09","2017-06-28 07:15:09"
257,"ブレスレット",27,"2017-06-28 07:15:09","2017-06-28 07:15:09"
258,"バングル/リストバンド",27,"2017-06-28 07:15:09","2017-06-28 07:15:09"
259,"リング",27,"2017-06-28 07:15:09","2017-06-28 07:15:09"
260,"ピアス(片耳用)",27,"2017-06-28 07:15:09","2017-06-28 07:15:09"
261,"ピアス(両耳用)",27,"2017-06-28 07:15:09","2017-06-28 07:15:09"
262,"アンクレット",27,"2017-06-28 07:15:09","2017-06-28 07:15:09"
263,"その他",27,"2017-06-28 07:15:09","2017-06-28 07:15:09"
264,"長財布",28,"2017-06-28 07:15:09","2017-06-28 07:15:09"
265,"折り財布",28,"2017-06-28 07:15:09","2017-06-28 07:15:09"
266,"マネークリップ",28,"2017-06-28 07:15:09","2017-06-28 07:15:09"
267,"コインケース/小銭入れ",28,"2017-06-28 07:15:09","2017-06-28 07:15:09"
268,"名刺入れ/定期入れ",28,"2017-06-28 07:15:09","2017-06-28 07:15:09"
269,"キーケース",28,"2017-06-28 07:15:09","2017-06-28 07:15:09"
270,"キーホルダー",28,"2017-06-28 07:15:09","2017-06-28 07:15:09"
271,"ネクタイ",28,"2017-06-28 07:15:09","2017-06-28 07:15:09"
272,"手袋",28,"2017-06-28 07:15:09","2017-06-28 07:15:09"
273,"ハンカチ",28,"2017-06-28 07:15:09","2017-06-28 07:15:09"
274,"ベルト",28,"2017-06-28 07:15:09","2017-06-28 07:15:09"
275,"マフラー",28,"2017-06-28 07:15:09","2017-06-28 07:15:09"
276,"ストール",28,"2017-06-28 07:15:09","2017-06-28 07:15:09"
277,"バンダナ",28,"2017-06-28 07:15:09","2017-06-28 07:15:09"
278,"ネックウォーマー",28,"2017-06-28 07:15:09","2017-06-28 07:15:09"
279,"サスペンダー",28,"2017-06-28 07:15:09","2017-06-28 07:15:09"
280,"ウォレットチェーン",28,"2017-06-28 07:15:09","2017-06-28 07:15:09"
281,"サングラス/メガネ",28,"2017-06-28 07:15:09","2017-06-28 07:15:09"
282,"モバイルケース/カバー",28,"2017-06-28 07:15:09","2017-06-28 07:15:09"
283,"手帳",28,"2017-06-28 07:15:09","2017-06-28 07:15:09"
284,"ストラップ",28,"2017-06-28 07:15:09","2017-06-28 07:15:09"
285,"ネクタイピン",28,"2017-06-28 07:15:09","2017-06-28 07:15:09"
286,"カフリンクス",28,"2017-06-28 07:15:09","2017-06-28 07:15:09"
287,"イヤマフラー",28,"2017-06-28 07:15:09","2017-06-28 07:15:09"
288,"傘",28,"2017-06-28 07:15:09","2017-06-28 07:15:09"
289,"レインコート",28,"2017-06-28 07:15:09","2017-06-28 07:15:09"
290,"ミラー",28,"2017-06-28 07:15:09","2017-06-28 07:15:09"
291,"タバコグッズ",28,"2017-06-28 07:15:09","2017-06-28 07:15:09"
292,"その他",28,"2017-06-28 07:15:09","2017-06-28 07:15:09"
293,"腕時計(アナログ)",29,"2017-06-28 07:15:09","2017-06-28 07:15:09"
294,"腕時計(デジタル)",29,"2017-06-28 07:15:09","2017-06-28 07:15:09"
295,"ラバーベルト",29,"2017-06-28 07:15:09","2017-06-28 07:15:09"
296,"レザーベルト",29,"2017-06-28 07:15:09","2017-06-28 07:15:09"
297,"金属ベルト",29,"2017-06-28 07:15:09","2017-06-28 07:15:09"
298,"その他",29,"2017-06-28 07:15:09","2017-06-28 07:15:09"
299,"一般水着",30,"2017-06-28 07:15:09","2017-06-28 07:15:09"
300,"スポーツ用",30,"2017-06-28 07:15:09","2017-06-28 07:15:09"
301,"アクセサリー",30,"2017-06-28 07:15:09","2017-06-28 07:15:09"
302,"その他",30,"2017-06-28 07:15:09","2017-06-28 07:15:09"
303,"ソックス",31,"2017-06-28 07:15:09","2017-06-28 07:15:09"
304,"レギンス/スパッツ",31,"2017-06-28 07:15:09","2017-06-28 07:15:09"
305,"レッグウォーマー",31,"2017-06-28 07:15:09","2017-06-28 07:15:09"
306,"その他",31,"2017-06-28 07:15:09","2017-06-28 07:15:09"
307,"トランクス",32,"2017-06-28 07:15:09","2017-06-28 07:15:09"
308,"ボクサーパンツ",32,"2017-06-28 07:15:09","2017-06-28 07:15:09"
309,"その他",32,"2017-06-28 07:15:09","2017-06-28 07:15:09"
310,"トップス",34,"2017-06-28 07:15:09","2017-06-28 07:15:09"
311,"アウター",34,"2017-06-28 07:15:09","2017-06-28 07:15:09"
312,"パンツ",34,"2017-06-28 07:15:09","2017-06-28 07:15:09"
313,"スカート",34,"2017-06-28 07:15:09","2017-06-28 07:15:09"
314,"ワンピース",34,"2017-06-28 07:15:09","2017-06-28 07:15:09"
315,"ベビードレス",34,"2017-06-28 07:15:09","2017-06-28 07:15:09"
316,"おくるみ",34,"2017-06-28 07:15:09","2017-06-28 07:15:09"
317,"下着/肌着",34,"2017-06-28 07:15:09","2017-06-28 07:15:09"
318,"パジャマ",34,"2017-06-28 07:15:09","2017-06-28 07:15:09"
319,"ロンパース",34,"2017-06-28 07:15:09","2017-06-28 07:15:09"
320,"その他",34,"2017-06-28 07:15:09","2017-06-28 07:15:09"
321,"その他",35,"2017-06-28 07:15:09","2017-06-28 07:15:09"
322,"トップス",35,"2017-06-28 07:15:09","2017-06-28 07:15:09"
323,"アウター",35,"2017-06-28 07:15:09","2017-06-28 07:15:09"
324,"パンツ",35,"2017-06-28 07:15:09","2017-06-28 07:15:09"
325,"おくるみ",35,"2017-06-28 07:15:09","2017-06-28 07:15:09"
326,"下着/肌着",35,"2017-06-28 07:15:09","2017-06-28 07:15:09"
327,"ロンパース",35,"2017-06-28 07:15:09","2017-06-28 07:15:09"
328,"パジャマ",35,"2017-06-28 07:15:09","2017-06-28 07:15:09"
329,"トップス",36,"2017-06-28 07:15:09","2017-06-28 07:15:09"
330,"アウター",36,"2017-06-28 07:15:09","2017-06-28 07:15:09"
331,"パンツ",36,"2017-06-28 07:15:09","2017-06-28 07:15:09"
332,"おくるみ",36,"2017-06-28 07:15:09","2017-06-28 07:15:09"
333,"下着/肌着",36,"2017-06-28 07:15:09","2017-06-28 07:15:09"
334,"パジャマ",36,"2017-06-28 07:15:09","2017-06-28 07:15:09"
335,"ロンパース",36,"2017-06-28 07:15:09","2017-06-28 07:15:09"
336,"その他",36,"2017-06-28 07:15:09","2017-06-28 07:15:09"
337,"コート",37,"2017-06-28 07:15:09","2017-06-28 07:15:09"
338,"ジャケット/上着",37,"2017-06-28 07:15:09","2017-06-28 07:15:09"
339,"トップス(Tシャツ/カットソー)",37,"2017-06-28 07:15:09","2017-06-28 07:15:09"
340,"トップス(トレーナー)",37,"2017-06-28 07:15:09","2017-06-28 07:15:09"
341,"トップス(チュニック)",37,"2017-06-28 07:15:09","2017-06-28 07:15:09"
342,"トップス(タンクトップ)",37,"2017-06-28 07:15:09","2017-06-28 07:15:09"
343,"トップス(その他)",37,"2017-06-28 07:15:09","2017-06-28 07:15:09"
344,"スカート",37,"2017-06-28 07:15:09","2017-06-28 07:15:09"
345,"パンツ",37,"2017-06-28 07:15:09","2017-06-28 07:15:09"
346,"ワンピース",37,"2017-06-28 07:15:09","2017-06-28 07:15:09"
347,"セットアップ",37,"2017-06-28 07:15:09","2017-06-28 07:15:09"
348,"パジャマ",37,"2017-06-28 07:15:09","2017-06-28 07:15:09"
349,"フォーマル/ドレス",37,"2017-06-28 07:15:09","2017-06-28 07:15:09"
350,"和服",37,"2017-06-28 07:15:09","2017-06-28 07:15:09"
351,"浴衣",37,"2017-06-28 07:15:09","2017-06-28 07:15:09"
352,"甚平",37,"2017-06-28 07:15:09","2017-06-28 07:15:09"
353,"水着",37,"2017-06-28 07:15:09","2017-06-28 07:15:09"
354,"その他",37,"2017-06-28 07:15:09","2017-06-28 07:15:09"
355,"コート",38,"2017-06-28 07:15:09","2017-06-28 07:15:09"
356,"ジャケット/上着",38,"2017-06-28 07:15:09","2017-06-28 07:15:09"
357,"トップス(Tシャツ/カットソー)",38,"2017-06-28 07:15:09","2017-06-28 07:15:09"
358,"トップス(トレーナー)",38,"2017-06-28 07:15:09","2017-06-28 07:15:09"
359,"トップス(その他)",38,"2017-06-28 07:15:09","2017-06-28 07:15:09"
360,"パンツ",38,"2017-06-28 07:15:09","2017-06-28 07:15:09"
361,"セットアップ",38,"2017-06-28 07:15:09","2017-06-28 07:15:09"
362,"パジャマ",38,"2017-06-28 07:15:09","2017-06-28 07:15:09"
363,"フォーマル/ドレス",38,"2017-06-28 07:15:09","2017-06-28 07:15:09"
364,"和服",38,"2017-06-28 07:15:09","2017-06-28 07:15:09"
365,"浴衣",38,"2017-06-28 07:15:09","2017-06-28 07:15:09"
366,"甚平",38,"2017-06-28 07:15:09","2017-06-28 07:15:09"
367,"水着",38,"2017-06-28 07:15:09","2017-06-28 07:15:09"
368,"その他",38,"2017-06-28 07:15:09","2017-06-28 07:15:09"
369,"コート",39,"2017-06-28 07:15:09","2017-06-28 07:15:09"
370,"ジャケット/上着",39,"2017-06-28 07:15:09","2017-06-28 07:15:09"
371,"トップス(Tシャツ/カットソー)",39,"2017-06-28 07:15:09","2017-06-28 07:15:09"
372,"トップス(トレーナー)",39,"2017-06-28 07:15:09","2017-06-28 07:15:09"
373,"トップス(その他)",39,"2017-06-28 07:15:09","2017-06-28 07:15:09"
374,"ボトムス",39,"2017-06-28 07:15:09","2017-06-28 07:15:09"
375,"パジャマ",39,"2017-06-28 07:15:10","2017-06-28 07:15:10"
376,"その他",39,"2017-06-28 07:15:10","2017-06-28 07:15:10"
377,"スニーカー",40,"2017-06-28 07:15:10","2017-06-28 07:15:10"
378,"サンダル",40,"2017-06-28 07:15:10","2017-06-28 07:15:10"
379,"ブーツ",40,"2017-06-28 07:15:10","2017-06-28 07:15:10"
380,"長靴",40,"2017-06-28 07:15:10","2017-06-28 07:15:10"
381,"その他",40,"2017-06-28 07:15:10","2017-06-28 07:15:10"
382,"靴下/スパッツ",41,"2017-06-28 07:15:10","2017-06-28 07:15:10"
383,"帽子",41,"2017-06-28 07:15:10","2017-06-28 07:15:10"
384,"エプロン",41,"2017-06-28 07:15:10","2017-06-28 07:15:10"
385,"サスペンダー",41,"2017-06-28 07:15:10","2017-06-28 07:15:10"
386,"タイツ",41,"2017-06-28 07:15:10","2017-06-28 07:15:10"
387,"ハンカチ",41,"2017-06-28 07:15:10","2017-06-28 07:15:10"
388,"バンダナ",41,"2017-06-28 07:15:10","2017-06-28 07:15:10"
389,"ベルト",41,"2017-06-28 07:15:10","2017-06-28 07:15:10"
390,"マフラー",41,"2017-06-28 07:15:10","2017-06-28 07:15:10"
391,"傘",41,"2017-06-28 07:15:10","2017-06-28 07:15:10"
392,"手袋",41,"2017-06-28 07:15:10","2017-06-28 07:15:10"
393,"スタイ",41,"2017-06-28 07:15:10","2017-06-28 07:15:10"
394,"バッグ",41,"2017-06-28 07:15:10","2017-06-28 07:15:10"
395,"その他",41,"2017-06-28 07:15:10","2017-06-28 07:15:10"
396,"おむつ用品",42,"2017-06-28 07:15:10","2017-06-28 07:15:10"
397,"おまる/補助便座",42,"2017-06-28 07:15:10","2017-06-28 07:15:10"
398,"トレーニングパンツ",42,"2017-06-28 07:15:10","2017-06-28 07:15:10"
399,"ベビーバス",42,"2017-06-28 07:15:10","2017-06-28 07:15:10"
400,"お風呂用品",42,"2017-06-28 07:15:10","2017-06-28 07:15:10"
401,"その他",42,"2017-06-28 07:15:10","2017-06-28 07:15:10"
402,"ベビーカー",43,"2017-06-28 07:15:10","2017-06-28 07:15:10"
403,"抱っこひも/スリング",43,"2017-06-28 07:15:10","2017-06-28 07:15:10"
404,"チャイルドシート",43,"2017-06-28 07:15:10","2017-06-28 07:15:10"
405,"その他",43,"2017-06-28 07:15:10","2017-06-28 07:15:10"
406,"ミルク",44,"2017-06-28 07:15:10","2017-06-28 07:15:10"
407,"ベビーフード",44,"2017-06-28 07:15:10","2017-06-28 07:15:10"
408,"ベビー用食器",44,"2017-06-28 07:15:10","2017-06-28 07:15:10"
409,"その他",44,"2017-06-28 07:15:10","2017-06-28 07:15:10"
410,"ベッド",45,"2017-06-28 07:15:10","2017-06-28 07:15:10"
411,"布団/毛布",45,"2017-06-28 07:15:10","2017-06-28 07:15:10"
412,"イス",45,"2017-06-28 07:15:10","2017-06-28 07:15:10"
413,"たんす",45,"2017-06-28 07:15:10","2017-06-28 07:15:10"
414,"その他",45,"2017-06-28 07:15:10","2017-06-28 07:15:10"
415,"おふろのおもちゃ",46,"2017-06-28 07:15:10","2017-06-28 07:15:10"
416,"がらがら",46,"2017-06-28 07:15:10","2017-06-28 07:15:10"
417,"オルゴール",46,"2017-06-28 07:15:10","2017-06-28 07:15:10"
418,"ベビージム",46,"2017-06-28 07:15:10","2017-06-28 07:15:10"
419,"手押し車/カタカタ",46,"2017-06-28 07:15:10","2017-06-28 07:15:10"
420,"絵本",46,"2017-06-28 07:15:10","2017-06-28 07:15:10"
421,"知育玩具",46,"2017-06-28 07:15:10","2017-06-28 07:15:10"
422,"その他",46,"2017-06-28 07:15:10","2017-06-28 07:15:10"
423,"お宮参り用品",47,"2017-06-28 07:15:10","2017-06-28 07:15:10"
424,"お食い初め用品",47,"2017-06-28 07:15:10","2017-06-28 07:15:10"
425,"アルバム",47,"2017-06-28 07:15:10","2017-06-28 07:15:10"
426,"手形/足形",47,"2017-06-28 07:15:10","2017-06-28 07:15:10"
427,"その他",47,"2017-06-28 07:15:10","2017-06-28 07:15:10"
428,"母子手帳用品",48,"2017-06-28 07:15:10","2017-06-28 07:15:10"
429,"その他",48,"2017-06-28 07:15:10","2017-06-28 07:15:10"
430,"食器",49,"2017-06-28 07:15:10","2017-06-28 07:15:10"
431,"調理器具",49,"2017-06-28 07:15:10","2017-06-28 07:15:10"
432,"収納/キッチン雑貨",49,"2017-06-28 07:15:10","2017-06-28 07:15:10"
433,"弁当用品",49,"2017-06-28 07:15:10","2017-06-28 07:15:10"
434,"カトラリー(スプーン等)",49,"2017-06-28 07:15:10","2017-06-28 07:15:10"
435,"テーブル用品",49,"2017-06-28 07:15:10","2017-06-28 07:15:10"
436,"容器",49,"2017-06-28 07:15:10","2017-06-28 07:15:10"
437,"エプロン",49,"2017-06-28 07:15:10","2017-06-28 07:15:10"
438,"アルコールグッズ",49,"2017-06-28 07:15:10","2017-06-28 07:15:10"
439,"浄水機",49,"2017-06-28 07:15:10","2017-06-28 07:15:10"
440,"その他",49,"2017-06-28 07:15:10","2017-06-28 07:15:10"
441,"セミシングルベッド",50,"2017-06-28 07:15:10","2017-06-28 07:15:10"
442,"シングルベッド",50,"2017-06-28 07:15:10","2017-06-28 07:15:10"
443,"セミダブルベッド",50,"2017-06-28 07:15:10","2017-06-28 07:15:10"
444,"ダブルベッド",50,"2017-06-28 07:15:10","2017-06-28 07:15:10"
445,"ワイドダブルベッド",50,"2017-06-28 07:15:10","2017-06-28 07:15:10"
446,"クイーンベッド",50,"2017-06-28 07:15:10","2017-06-28 07:15:10"
447,"キングベッド",50,"2017-06-28 07:15:10","2017-06-28 07:15:10"
448,"脚付きマットレスベッド",50,"2017-06-28 07:15:10","2017-06-28 07:15:10"
449,"マットレス",50,"2017-06-28 07:15:10","2017-06-28 07:15:10"
450,"すのこベッド",50,"2017-06-28 07:15:10","2017-06-28 07:15:10"
451,"ロフトベッド/システムベッド",50,"2017-06-28 07:15:10","2017-06-28 07:15:10"
452,"簡易ベッド/折りたたみベッド",50,"2017-06-28 07:15:10","2017-06-28 07:15:10"
453,"収納付き",50,"2017-06-28 07:15:10","2017-06-28 07:15:10"
454,"その他",50,"2017-06-28 07:15:10","2017-06-28 07:15:10"
455,"ソファセット",51,"2017-06-28 07:15:10","2017-06-28 07:15:10"
456,"シングルソファ",51,"2017-06-28 07:15:10","2017-06-28 07:15:10"
457,"ラブソファ",51,"2017-06-28 07:15:10","2017-06-28 07:15:10"
458,"トリプルソファ",51,"2017-06-28 07:15:10","2017-06-28 07:15:10"
459,"オットマン",51,"2017-06-28 07:15:10","2017-06-28 07:15:10"
460,"コーナーソファ",51,"2017-06-28 07:15:10","2017-06-28 07:15:10"
461,"ビーズソファ/クッションソファ",51,"2017-06-28 07:15:10","2017-06-28 07:15:10"
462,"ローソファ/フロアソファ",51,"2017-06-28 07:15:10","2017-06-28 07:15:10"
463,"ソファベッド",51,"2017-06-28 07:15:10","2017-06-28 07:15:10"
464,"応接セット",51,"2017-06-28 07:15:10","2017-06-28 07:15:10"
465,"ソファカバー",51,"2017-06-28 07:15:10","2017-06-28 07:15:10"
466,"リクライニングソファ",51,"2017-06-28 07:15:10","2017-06-28 07:15:10"
467,"その他",51,"2017-06-28 07:15:10","2017-06-28 07:15:10"
468,"一般",52,"2017-06-28 07:15:10","2017-06-28 07:15:10"
469,"スツール",52,"2017-06-28 07:15:10","2017-06-28 07:15:10"
470,"ダイニングチェア",52,"2017-06-28 07:15:10","2017-06-28 07:15:10"
471,"ハイバックチェア",52,"2017-06-28 07:15:10","2017-06-28 07:15:10"
472,"ロッキングチェア",52,"2017-06-28 07:15:10","2017-06-28 07:15:10"
473,"座椅子",52,"2017-06-28 07:15:10","2017-06-28 07:15:10"
474,"折り畳みイス",52,"2017-06-28 07:15:10","2017-06-28 07:15:10"
475,"デスクチェア",52,"2017-06-28 07:15:10","2017-06-28 07:15:10"
476,"その他",52,"2017-06-28 07:15:10","2017-06-28 07:15:10"
477,"こたつ",53,"2017-06-28 07:15:10","2017-06-28 07:15:10"
478,"カウンターテーブル",53,"2017-06-28 07:15:10","2017-06-28 07:15:10"
479,"サイドテーブル",53,"2017-06-28 07:15:10","2017-06-28 07:15:10"
480,"センターテーブル",53,"2017-06-28 07:15:10","2017-06-28 07:15:10"
481,"ダイニングテーブル",53,"2017-06-28 07:15:10","2017-06-28 07:15:10"
482,"座卓/ちゃぶ台",53,"2017-06-28 07:15:10","2017-06-28 07:15:10"
483,"アウトドア用",53,"2017-06-28 07:15:10","2017-06-28 07:15:10"
484,"パソコン用",53,"2017-06-28 07:15:10","2017-06-28 07:15:10"
485,"事務机/学習机",53,"2017-06-28 07:15:10","2017-06-28 07:15:10"
486,"その他",53,"2017-06-28 07:15:10","2017-06-28 07:15:10"
487,"リビング収納",54,"2017-06-28 07:15:10","2017-06-28 07:15:10"
488,"キッチン収納",54,"2017-06-28 07:15:10","2017-06-28 07:15:10"
489,"玄関/屋外収納",54,"2017-06-28 07:15:10","2017-06-28 07:15:10"
490,"バス/トイレ収納",54,"2017-06-28 07:15:10","2017-06-28 07:15:10"
491,"本収納",54,"2017-06-28 07:15:10","2017-06-28 07:15:10"
492,"本/CD/DVD収納",54,"2017-06-28 07:15:10","2017-06-28 07:15:10"
493,"洋服タンス/押入れ収納",54,"2017-06-28 07:15:10","2017-06-28 07:15:10"
494,"電話台/ファックス台",54,"2017-06-28 07:15:10","2017-06-28 07:15:10"
495,"ドレッサー/鏡台",54,"2017-06-28 07:15:10","2017-06-28 07:15:10"
496,"棚/ラック",54,"2017-06-28 07:15:10","2017-06-28 07:15:10"
497,"ケース/ボックス",54,"2017-06-28 07:15:10","2017-06-28 07:15:10"
498,"その他",54,"2017-06-28 07:15:10","2017-06-28 07:15:10"
499,"ラグ",55,"2017-06-28 07:15:10","2017-06-28 07:15:10"
500,"カーペット",55,"2017-06-28 07:15:10","2017-06-28 07:15:10"
501,"ホットカーペット",55,"2017-06-28 07:15:10","2017-06-28 07:15:10"
502,"玄関/キッチンマット",55,"2017-06-28 07:15:10","2017-06-28 07:15:10"
503,"トイレ/バスマット",55,"2017-06-28 07:15:10","2017-06-28 07:15:10"
504,"その他",55,"2017-06-28 07:15:10","2017-06-28 07:15:10"
505,"カーテン",56,"2017-06-28 07:15:10","2017-06-28 07:15:10"
506,"ブラインド",56,"2017-06-28 07:15:10","2017-06-28 07:15:10"
507,"ロールスクリーン",56,"2017-06-28 07:15:10","2017-06-28 07:15:10"
508,"のれん",56,"2017-06-28 07:15:10","2017-06-28 07:15:10"
509,"その他",56,"2017-06-28 07:15:10","2017-06-28 07:15:10"
510,"蛍光灯/電球",57,"2017-06-28 07:15:10","2017-06-28 07:15:10"
511,"天井照明",57,"2017-06-28 07:15:10","2017-06-28 07:15:10"
512,"フロアスタンド",57,"2017-06-28 07:15:10","2017-06-28 07:15:10"
513,"その他",57,"2017-06-28 07:15:10","2017-06-28 07:15:10"
514,"布団/毛布",58,"2017-06-28 07:15:10","2017-06-28 07:15:10"
515,"枕",58,"2017-06-28 07:15:10","2017-06-28 07:15:10"
516,"シーツ/カバー",58,"2017-06-28 07:15:10","2017-06-28 07:15:10"
517,"その他",58,"2017-06-28 07:15:10","2017-06-28 07:15:10"
518,"ごみ箱",59,"2017-06-28 07:15:10","2017-06-28 07:15:10"
519,"ウェルカムボード",59,"2017-06-28 07:15:10","2017-06-28 07:15:10"
520,"オルゴール",59,"2017-06-28 07:15:10","2017-06-28 07:15:10"
521,"クッション",59,"2017-06-28 07:15:10","2017-06-28 07:15:10"
522,"クッションカバー",59,"2017-06-28 07:15:10","2017-06-28 07:15:10"
523,"スリッパラック",59,"2017-06-28 07:15:10","2017-06-28 07:15:10"
524,"ティッシュボックス",59,"2017-06-28 07:15:10","2017-06-28 07:15:10"
525,"バスケット/かご",59,"2017-06-28 07:15:10","2017-06-28 07:15:10"
526,"フォトフレーム",59,"2017-06-28 07:15:10","2017-06-28 07:15:10"
527,"マガジンラック",59,"2017-06-28 07:15:10","2017-06-28 07:15:10"
528,"モビール",59,"2017-06-28 07:15:10","2017-06-28 07:15:10"
529,"花瓶",59,"2017-06-28 07:15:11","2017-06-28 07:15:11"
530,"灰皿",59,"2017-06-28 07:15:11","2017-06-28 07:15:11"
531,"傘立て",59,"2017-06-28 07:15:11","2017-06-28 07:15:11"
532,"小物入れ",59,"2017-06-28 07:15:11","2017-06-28 07:15:11"
533,"置時計",59,"2017-06-28 07:15:11","2017-06-28 07:15:11"
534,"掛時計/柱時計",59,"2017-06-28 07:15:11","2017-06-28 07:15:11"
535,"鏡(立て掛け式)",59,"2017-06-28 07:15:11","2017-06-28 07:15:11"
536,"鏡(壁掛け式)",59,"2017-06-28 07:15:11","2017-06-28 07:15:11"
537,"置物",59,"2017-06-28 07:15:11","2017-06-28 07:15:11"
538,"風鈴",59,"2017-06-28 07:15:11","2017-06-28 07:15:11"
539,"植物/観葉植物",59,"2017-06-28 07:15:11","2017-06-28 07:15:11"
540,"その他",59,"2017-06-28 07:15:11","2017-06-28 07:15:11"
541,"正月",60,"2017-06-28 07:15:11","2017-06-28 07:15:11"
542,"成人式",60,"2017-06-28 07:15:11","2017-06-28 07:15:11"
543,"バレンタインデー",60,"2017-06-28 07:15:11","2017-06-28 07:15:11"
544,"ひな祭り",60,"2017-06-28 07:15:11","2017-06-28 07:15:11"
545,"子どもの日",60,"2017-06-28 07:15:11","2017-06-28 07:15:11"
546,"母の日",60,"2017-06-28 07:15:11","2017-06-28 07:15:11"
547,"父の日",60,"2017-06-28 07:15:11","2017-06-28 07:15:11"
548,"サマーギフト/お中元",60,"2017-06-28 07:15:11","2017-06-28 07:15:11"
549,"夏/夏休み",60,"2017-06-28 07:15:11","2017-06-28 07:15:11"
550,"ハロウィン",60,"2017-06-28 07:15:11","2017-06-28 07:15:11"
551,"敬老の日",60,"2017-06-28 07:15:11","2017-06-28 07:15:11"
552,"七五三",60,"2017-06-28 07:15:11","2017-06-28 07:15:11"
553,"お歳暮",60,"2017-06-28 07:15:11","2017-06-28 07:15:11"
554,"クリスマス",60,"2017-06-28 07:15:11","2017-06-28 07:15:11"
555,"冬一般",60,"2017-06-28 07:15:11","2017-06-28 07:15:11"
556,"その他",60,"2017-06-28 07:15:11","2017-06-28 07:15:11"
557,"全巻セット",62,"2017-06-28 07:15:11","2017-06-28 07:15:11"
558,"少年",62,"2017-06-28 07:15:11","2017-06-28 07:15:11"
559,"少女",62,"2017-06-28 07:15:11","2017-06-28 07:15:11"
560,"青年",62,"2017-06-28 07:15:11","2017-06-28 07:15:11"
561,"女性",62,"2017-06-28 07:15:11","2017-06-28 07:15:11"
562,"同人誌",62,"2017-06-28 07:15:11","2017-06-28 07:15:11"
563,"その他",62,"2017-06-28 07:15:11","2017-06-28 07:15:11"
564,"文学/小説",63,"2017-06-28 07:15:11","2017-06-28 07:15:11"
565,"人文/社会",63,"2017-06-28 07:15:11","2017-06-28 07:15:11"
566,"ノンフィクション/教養",63,"2017-06-28 07:15:11","2017-06-28 07:15:11"
567,"地図/旅行ガイド",63,"2017-06-28 07:15:11","2017-06-28 07:15:11"
568,"ビジネス/経済",63,"2017-06-28 07:15:11","2017-06-28 07:15:11"
569,"健康/医学",63,"2017-06-28 07:15:11","2017-06-28 07:15:11"
570,"コンピュータ/IT",63,"2017-06-28 07:15:11","2017-06-28 07:15:11"
571,"趣味/スポーツ/実用",63,"2017-06-28 07:15:11","2017-06-28 07:15:11"
572,"住まい/暮らし/子育て",63,"2017-06-28 07:15:11","2017-06-28 07:15:11"
573,"アート/エンタメ",63,"2017-06-28 07:15:11","2017-06-28 07:15:11"
574,"洋書",63,"2017-06-28 07:15:11","2017-06-28 07:15:11"
575,"参考書",63,"2017-06-28 07:15:11","2017-06-28 07:15:11"
576,"その他",63,"2017-06-28 07:15:11","2017-06-28 07:15:11"
577,"アート/エンタメ/ホビー",64,"2017-06-28 07:15:11","2017-06-28 07:15:11"
578,"ファッション",64,"2017-06-28 07:15:11","2017-06-28 07:15:11"
579,"ニュース/総合",64,"2017-06-28 07:15:11","2017-06-28 07:15:11"
580,"趣味/スポーツ",64,"2017-06-28 07:15:11","2017-06-28 07:15:11"
581,"その他",64,"2017-06-28 07:15:11","2017-06-28 07:15:11"
582,"外国映画",65,"2017-06-28 07:15:11","2017-06-28 07:15:11"
583,"日本映画",65,"2017-06-28 07:15:11","2017-06-28 07:15:11"
584,"アニメ",65,"2017-06-28 07:15:11","2017-06-28 07:15:11"
585,"TVドラマ",65,"2017-06-28 07:15:11","2017-06-28 07:15:11"
586,"ミュージック",65,"2017-06-28 07:15:11","2017-06-28 07:15:11"
587,"お笑い/バラエティ",65,"2017-06-28 07:15:11","2017-06-28 07:15:11"
588,"スポーツ/フィットネス",65,"2017-06-28 07:15:11","2017-06-28 07:15:11"
589,"キッズ/ファミリー",65,"2017-06-28 07:15:11","2017-06-28 07:15:11"
590,"その他",65,"2017-06-28 07:15:11","2017-06-28 07:15:11"
591,"邦楽",66,"2017-06-28 07:15:11","2017-06-28 07:15:11"
592,"洋楽",66,"2017-06-28 07:15:11","2017-06-28 07:15:11"
593,"アニメ",66,"2017-06-28 07:15:11","2017-06-28 07:15:11"
594,"クラシック",66,"2017-06-28 07:15:11","2017-06-28 07:15:11"
595,"K-POP/アジア",66,"2017-06-28 07:15:11","2017-06-28 07:15:11"
596,"キッズ/ファミリー",66,"2017-06-28 07:15:11","2017-06-28 07:15:11"
597,"その他",66,"2017-06-28 07:15:11","2017-06-28 07:15:11"
598,"邦楽",67,"2017-06-28 07:15:11","2017-06-28 07:15:11"
599,"洋楽",67,"2017-06-28 07:15:11","2017-06-28 07:15:11"
600,"その他",67,"2017-06-28 07:15:11","2017-06-28 07:15:11"
601,"トイガン",68,"2017-06-28 07:15:11","2017-06-28 07:15:11"
602,"個人装備",68,"2017-06-28 07:15:11","2017-06-28 07:15:11"
603,"その他",68,"2017-06-28 07:15:11","2017-06-28 07:15:11"
604,"家庭用ゲーム本体",69,"2017-06-28 07:15:11","2017-06-28 07:15:11"
605,"家庭用ゲームソフト",69,"2017-06-28 07:15:11","2017-06-28 07:15:11"
606,"携帯用ゲーム本体",69,"2017-06-28 07:15:11","2017-06-28 07:15:11"
607,"携帯用ゲームソフト",69,"2017-06-28 07:15:11","2017-06-28 07:15:11"
608,"PCゲーム",69,"2017-06-28 07:15:11","2017-06-28 07:15:11"
609,"その他",69,"2017-06-28 07:15:11","2017-06-28 07:15:11"
610,"アイドル",70,"2017-06-28 07:15:11","2017-06-28 07:15:11"
611,"ミュージシャン",70,"2017-06-28 07:15:11","2017-06-28 07:15:11"
612,"タレント/お笑い芸人",70,"2017-06-28 07:15:11","2017-06-28 07:15:11"
613,"スポーツ選手",70,"2017-06-28 07:15:11","2017-06-28 07:15:11"
614,"その他",70,"2017-06-28 07:15:11","2017-06-28 07:15:11"
615,"エレキギター",71,"2017-06-28 07:15:11","2017-06-28 07:15:11"
616,"アコースティックギター",71,"2017-06-28 07:15:11","2017-06-28 07:15:11"
617,"ベース",71,"2017-06-28 07:15:11","2017-06-28 07:15:11"
618,"エフェクター",71,"2017-06-28 07:15:11","2017-06-28 07:15:11"
619,"アンプ",71,"2017-06-28 07:15:11","2017-06-28 07:15:11"
620,"弦楽器",71,"2017-06-28 07:15:11","2017-06-28 07:15:11"
621,"管楽器",71,"2017-06-28 07:15:11","2017-06-28 07:15:11"
622,"鍵盤楽器",71,"2017-06-28 07:15:11","2017-06-28 07:15:11"
623,"打楽器",71,"2017-06-28 07:15:11","2017-06-28 07:15:11"
624,"和楽器",71,"2017-06-28 07:15:11","2017-06-28 07:15:11"
625,"楽譜/スコア",71,"2017-06-28 07:15:11","2017-06-28 07:15:11"
626,"レコーディング/PA機器",71,"2017-06-28 07:15:11","2017-06-28 07:15:11"
627,"DJ機器",71,"2017-06-28 07:15:11","2017-06-28 07:15:11"
628,"DTM/DAW",71,"2017-06-28 07:15:11","2017-06-28 07:15:11"
629,"その他",71,"2017-06-28 07:15:11","2017-06-28 07:15:11"
630,"コミック/アニメ",72,"2017-06-28 07:15:11","2017-06-28 07:15:11"
631,"特撮",72,"2017-06-28 07:15:11","2017-06-28 07:15:11"
632,"ゲームキャラクター",72,"2017-06-28 07:15:11","2017-06-28 07:15:11"
633,"SF/ファンタジー/ホラー",72,"2017-06-28 07:15:11","2017-06-28 07:15:11"
634,"アメコミ",72,"2017-06-28 07:15:11","2017-06-28 07:15:11"
635,"スポーツ",72,"2017-06-28 07:15:11","2017-06-28 07:15:11"
636,"ミリタリー",72,"2017-06-28 07:15:11","2017-06-28 07:15:11"
637,"その他",72,"2017-06-28 07:15:11","2017-06-28 07:15:11"
638,"遊戯王",73,"2017-06-28 07:15:11","2017-06-28 07:15:11"
639,"マジック：ザ・ギャザリング",73,"2017-06-28 07:15:11","2017-06-28 07:15:11"
640,"ポケモンカードゲーム",73,"2017-06-28 07:15:11","2017-06-28 07:15:11"
641,"デュエルマスターズ",73,"2017-06-28 07:15:11","2017-06-28 07:15:11"
642,"バトルスピリッツ",73,"2017-06-28 07:15:11","2017-06-28 07:15:11"
643,"プリパラ",73,"2017-06-28 07:15:11","2017-06-28 07:15:11"
644,"アイカツ",73,"2017-06-28 07:15:11","2017-06-28 07:15:11"
645,"カードファイト!!ヴァンガード",73,"2017-06-28 07:15:11","2017-06-28 07:15:11"
646,"ヴァイスシュヴァルツ",73,"2017-06-28 07:15:11","2017-06-28 07:15:11"
647,"プロ野球オーナーズリーグ",73,"2017-06-28 07:15:11","2017-06-28 07:15:11"
648,"ベースボールヒーローズ",73,"2017-06-28 07:15:11","2017-06-28 07:15:11"
649,"ドラゴンボール",73,"2017-06-28 07:15:11","2017-06-28 07:15:11"
650,"スリーブ",73,"2017-06-28 07:15:11","2017-06-28 07:15:11"
651,"その他",73,"2017-06-28 07:15:11","2017-06-28 07:15:11"
652,"キャラクターグッズ",74,"2017-06-28 07:15:11","2017-06-28 07:15:11"
653,"ぬいぐるみ",74,"2017-06-28 07:15:11","2017-06-28 07:15:11"
654,"小物/アクセサリー",74,"2017-06-28 07:15:11","2017-06-28 07:15:11"
655,"模型/プラモデル",74,"2017-06-28 07:15:11","2017-06-28 07:15:11"
656,"ミニカー",74,"2017-06-28 07:15:11","2017-06-28 07:15:11"
657,"トイラジコン",74,"2017-06-28 07:15:11","2017-06-28 07:15:11"
658,"プラモデル",74,"2017-06-28 07:15:11","2017-06-28 07:15:11"
659,"ホビーラジコン",74,"2017-06-28 07:15:11","2017-06-28 07:15:11"
660,"鉄道模型",74,"2017-06-28 07:15:11","2017-06-28 07:15:11"
661,"その他",74,"2017-06-28 07:15:11","2017-06-28 07:15:11"
662,"陶芸",75,"2017-06-28 07:15:11","2017-06-28 07:15:11"
663,"ガラス",75,"2017-06-28 07:15:11","2017-06-28 07:15:11"
664,"漆芸",75,"2017-06-28 07:15:11","2017-06-28 07:15:11"
665,"金属工芸",75,"2017-06-28 07:15:11","2017-06-28 07:15:11"
666,"絵画/タペストリ",75,"2017-06-28 07:15:11","2017-06-28 07:15:11"
667,"版画",75,"2017-06-28 07:15:11","2017-06-28 07:15:11"
668,"彫刻/オブジェクト",75,"2017-06-28 07:15:11","2017-06-28 07:15:11"
669,"書",75,"2017-06-28 07:15:11","2017-06-28 07:15:11"
670,"写真",75,"2017-06-28 07:15:11","2017-06-28 07:15:11"
671,"その他",75,"2017-06-28 07:15:11","2017-06-28 07:15:11"
672,"画材",76,"2017-06-28 07:15:11","2017-06-28 07:15:11"
673,"額縁",76,"2017-06-28 07:15:11","2017-06-28 07:15:11"
674,"その他",76,"2017-06-28 07:15:11","2017-06-28 07:15:11"
675,"武具",77,"2017-06-28 07:15:11","2017-06-28 07:15:11"
676,"切手/官製はがき",77,"2017-06-28 07:15:11","2017-06-28 07:15:11"
677,"貨幣",77,"2017-06-28 07:15:11","2017-06-28 07:15:11"
678,"印刷物",77,"2017-06-28 07:15:11","2017-06-28 07:15:11"
679,"ノベルティグッズ",77,"2017-06-28 07:15:11","2017-06-28 07:15:11"
680,"その他",77,"2017-06-28 07:15:11","2017-06-28 07:15:11"
681,"ストラップ",78,"2017-06-28 07:15:11","2017-06-28 07:15:11"
682,"キーホルダー",78,"2017-06-28 07:15:11","2017-06-28 07:15:11"
683,"バッジ",78,"2017-06-28 07:15:11","2017-06-28 07:15:11"
684,"カード",78,"2017-06-28 07:15:11","2017-06-28 07:15:11"
685,"クリアファイル",78,"2017-06-28 07:15:11","2017-06-28 07:15:11"
686,"ポスター",78,"2017-06-28 07:15:11","2017-06-28 07:15:11"
687,"タオル",78,"2017-06-28 07:15:11","2017-06-28 07:15:11"
688,"その他",78,"2017-06-28 07:15:11","2017-06-28 07:15:11"
689,"トランプ/UNO",79,"2017-06-28 07:15:12","2017-06-28 07:15:12"
690,"カルタ/百人一首",79,"2017-06-28 07:15:12","2017-06-28 07:15:12"
691,"ダーツ",79,"2017-06-28 07:15:12","2017-06-28 07:15:12"
692,"ビリヤード",79,"2017-06-28 07:15:12","2017-06-28 07:15:12"
693,"麻雀",79,"2017-06-28 07:15:12","2017-06-28 07:15:12"
694,"パズル/ジグソーパズル",79,"2017-06-28 07:15:12","2017-06-28 07:15:12"
695,"囲碁/将棋",79,"2017-06-28 07:15:12","2017-06-28 07:15:12"
696,"オセロ/チェス",79,"2017-06-28 07:15:12","2017-06-28 07:15:12"
697,"人生ゲーム",79,"2017-06-28 07:15:12","2017-06-28 07:15:12"
698,"野球/サッカーゲーム",79,"2017-06-28 07:15:12","2017-06-28 07:15:12"
699,"スポーツ",79,"2017-06-28 07:15:12","2017-06-28 07:15:12"
700,"三輪車/乗り物",79,"2017-06-28 07:15:12","2017-06-28 07:15:12"
701,"ヨーヨー",79,"2017-06-28 07:15:12","2017-06-28 07:15:12"
702,"模型製作用品",79,"2017-06-28 07:15:12","2017-06-28 07:15:12"
703,"鉄道",79,"2017-06-28 07:15:12","2017-06-28 07:15:12"
704,"航空機",79,"2017-06-28 07:15:12","2017-06-28 07:15:12"
705,"アマチュア無線",79,"2017-06-28 07:15:12","2017-06-28 07:15:12"
706,"パチンコ/パチスロ",79,"2017-06-28 07:15:12","2017-06-28 07:15:12"
707,"その他",79,"2017-06-28 07:15:12","2017-06-28 07:15:12"
708,"化粧下地",80,"2017-06-28 07:15:12","2017-06-28 07:15:12"
709,"ファンデーション",80,"2017-06-28 07:15:12","2017-06-28 07:15:12"
710,"口紅",80,"2017-06-28 07:15:12","2017-06-28 07:15:12"
711,"リップライナー",80,"2017-06-28 07:15:12","2017-06-28 07:15:12"
712,"リップグロス",80,"2017-06-28 07:15:12","2017-06-28 07:15:12"
713,"アイブロウペンシル",80,"2017-06-28 07:15:12","2017-06-28 07:15:12"
714,"アイシャドウ",80,"2017-06-28 07:15:12","2017-06-28 07:15:12"
715,"アイライナー",80,"2017-06-28 07:15:12","2017-06-28 07:15:12"
716,"パウダーアイブロウ",80,"2017-06-28 07:15:12","2017-06-28 07:15:12"
717,"マスカラ",80,"2017-06-28 07:15:12","2017-06-28 07:15:12"
718,"つけまつげ",80,"2017-06-28 07:15:12","2017-06-28 07:15:12"
719,"眉マスカラ",80,"2017-06-28 07:15:12","2017-06-28 07:15:12"
720,"フェイスカラー",80,"2017-06-28 07:15:12","2017-06-28 07:15:12"
721,"チーク",80,"2017-06-28 07:15:12","2017-06-28 07:15:12"
722,"フェイスパウダー",80,"2017-06-28 07:15:12","2017-06-28 07:15:12"
723,"BBクリーム",80,"2017-06-28 07:15:12","2017-06-28 07:15:12"
724,"メイク道具/化粧小物",80,"2017-06-28 07:15:12","2017-06-28 07:15:12"
725,"コンシーラー",80,"2017-06-28 07:15:12","2017-06-28 07:15:12"
726,"美顔用品/美顔ローラー",80,"2017-06-28 07:15:12","2017-06-28 07:15:12"
727,"トライアルセット/サンプル",80,"2017-06-28 07:15:12","2017-06-28 07:15:12"
728,"その他",80,"2017-06-28 07:15:12","2017-06-28 07:15:12"
729,"美容液",81,"2017-06-28 07:15:12","2017-06-28 07:15:12"
730,"化粧水/ローション",81,"2017-06-28 07:15:12","2017-06-28 07:15:12"
731,"ブースター/導入液",81,"2017-06-28 07:15:12","2017-06-28 07:15:12"
732,"フェイスクリーム",81,"2017-06-28 07:15:12","2017-06-28 07:15:12"
733,"パック/フェイスマスク",81,"2017-06-28 07:15:12","2017-06-28 07:15:12"
734,"クレンジング/メイク落とし",81,"2017-06-28 07:15:12","2017-06-28 07:15:12"
735,"洗顔料",81,"2017-06-28 07:15:12","2017-06-28 07:15:12"
736,"ジェル/ゲル",81,"2017-06-28 07:15:12","2017-06-28 07:15:12"
737,"洗顔グッズ",81,"2017-06-28 07:15:12","2017-06-28 07:15:12"
738,"リップケア",81,"2017-06-28 07:15:12","2017-06-28 07:15:12"
739,"アイケア",81,"2017-06-28 07:15:12","2017-06-28 07:15:12"
740,"乳液/ミルク",81,"2017-06-28 07:15:12","2017-06-28 07:15:12"
741,"トライアルセット/サンプル",81,"2017-06-28 07:15:12","2017-06-28 07:15:12"
742,"その他",81,"2017-06-28 07:15:12","2017-06-28 07:15:12"
743,"香水(男性用)",82,"2017-06-28 07:15:12","2017-06-28 07:15:12"
744,"香水(女性用)",82,"2017-06-28 07:15:12","2017-06-28 07:15:12"
745,"ユニセックス",82,"2017-06-28 07:15:12","2017-06-28 07:15:12"
746,"ボディミスト",82,"2017-06-28 07:15:12","2017-06-28 07:15:12"
747,"その他",82,"2017-06-28 07:15:12","2017-06-28 07:15:12"
748,"ネイルアート用品",83,"2017-06-28 07:15:12","2017-06-28 07:15:12"
749,"ネイルカラー",83,"2017-06-28 07:15:12","2017-06-28 07:15:12"
750,"ネイルチップ/付け爪",83,"2017-06-28 07:15:12","2017-06-28 07:15:12"
751,"手入れ用具",83,"2017-06-28 07:15:12","2017-06-28 07:15:12"
752,"その他",83,"2017-06-28 07:15:12","2017-06-28 07:15:12"
753,"シャンプー",84,"2017-06-28 07:15:12","2017-06-28 07:15:12"
754,"リンス",84,"2017-06-28 07:15:12","2017-06-28 07:15:12"
755,"コンディショナー",84,"2017-06-28 07:15:12","2017-06-28 07:15:12"
756,"トリートメント",84,"2017-06-28 07:15:12","2017-06-28 07:15:12"
757,"カラーリング剤",84,"2017-06-28 07:15:12","2017-06-28 07:15:12"
758,"スタイリング剤",84,"2017-06-28 07:15:12","2017-06-28 07:15:12"
759,"ブラシ",84,"2017-06-28 07:15:12","2017-06-28 07:15:12"
760,"その他",84,"2017-06-28 07:15:12","2017-06-28 07:15:12"
761,"オイル/クリーム",85,"2017-06-28 07:15:12","2017-06-28 07:15:12"
762,"ハンドクリーム",85,"2017-06-28 07:15:12","2017-06-28 07:15:12"
763,"ローション",85,"2017-06-28 07:15:12","2017-06-28 07:15:12"
764,"制汗/デオドラント",85,"2017-06-28 07:15:12","2017-06-28 07:15:12"
765,"日焼け止め/サンオイル",85,"2017-06-28 07:15:12","2017-06-28 07:15:12"
766,"入浴剤",85,"2017-06-28 07:15:12","2017-06-28 07:15:12"
767,"フットケア",85,"2017-06-28 07:15:12","2017-06-28 07:15:12"
768,"ボディソープ",85,"2017-06-28 07:15:12","2017-06-28 07:15:12"
769,"その他",85,"2017-06-28 07:15:12","2017-06-28 07:15:12"
770,"口臭防止/エチケット用品",86,"2017-06-28 07:15:12","2017-06-28 07:15:12"
771,"歯ブラシ",86,"2017-06-28 07:15:12","2017-06-28 07:15:12"
772,"その他",86,"2017-06-28 07:15:12","2017-06-28 07:15:12"
773,"エッセンシャルオイル",87,"2017-06-28 07:15:12","2017-06-28 07:15:12"
774,"芳香器",87,"2017-06-28 07:15:12","2017-06-28 07:15:12"
775,"お香/香炉",87,"2017-06-28 07:15:12","2017-06-28 07:15:12"
776,"キャンドル",87,"2017-06-28 07:15:12","2017-06-28 07:15:12"
777,"その他",87,"2017-06-28 07:15:12","2017-06-28 07:15:12"
778,"エクササイズ用品",88,"2017-06-28 07:15:12","2017-06-28 07:15:12"
779,"ダイエット食品",88,"2017-06-28 07:15:12","2017-06-28 07:15:12"
780,"体脂肪計",88,"2017-06-28 07:15:12","2017-06-28 07:15:12"
781,"体重計",88,"2017-06-28 07:15:12","2017-06-28 07:15:12"
782,"その他",88,"2017-06-28 07:15:12","2017-06-28 07:15:12"
783,"健康用品",89,"2017-06-28 07:15:12","2017-06-28 07:15:12"
784,"看護/介護用品",89,"2017-06-28 07:15:12","2017-06-28 07:15:12"
785,"救急/衛生用品",89,"2017-06-28 07:15:12","2017-06-28 07:15:12"
786,"その他",89,"2017-06-28 07:15:12","2017-06-28 07:15:12"
787,"スマートフォン本体",90,"2017-06-28 07:15:12","2017-06-28 07:15:12"
788,"バッテリー/充電器",90,"2017-06-28 07:15:12","2017-06-28 07:15:12"
789,"携帯電話本体",90,"2017-06-28 07:15:12","2017-06-28 07:15:12"
790,"PHS本体",90,"2017-06-28 07:15:12","2017-06-28 07:15:12"
791,"その他",90,"2017-06-28 07:15:12","2017-06-28 07:15:12"
792,"Android用ケース",91,"2017-06-28 07:15:12","2017-06-28 07:15:12"
793,"iPhone用ケース",91,"2017-06-28 07:15:12","2017-06-28 07:15:12"
794,"カバー",91,"2017-06-28 07:15:12","2017-06-28 07:15:12"
795,"イヤホンジャック",91,"2017-06-28 07:15:12","2017-06-28 07:15:12"
796,"ストラップ",91,"2017-06-28 07:15:12","2017-06-28 07:15:12"
797,"フィルム",91,"2017-06-28 07:15:12","2017-06-28 07:15:12"
798,"自撮り棒",91,"2017-06-28 07:15:12","2017-06-28 07:15:12"
799,"その他",91,"2017-06-28 07:15:12","2017-06-28 07:15:12"
800,"タブレット",92,"2017-06-28 07:15:12","2017-06-28 07:15:12"
801,"ノートPC",92,"2017-06-28 07:15:12","2017-06-28 07:15:12"
802,"デスクトップ型PC",92,"2017-06-28 07:15:12","2017-06-28 07:15:12"
803,"ディスプレイ",92,"2017-06-28 07:15:12","2017-06-28 07:15:12"
804,"電子ブックリーダー",92,"2017-06-28 07:15:12","2017-06-28 07:15:12"
805,"PC周辺機器",92,"2017-06-28 07:15:12","2017-06-28 07:15:12"
806,"PCパーツ",92,"2017-06-28 07:15:12","2017-06-28 07:15:12"
807,"その他",92,"2017-06-28 07:15:12","2017-06-28 07:15:12"
808,"デジタルカメラ",93,"2017-06-28 07:15:12","2017-06-28 07:15:12"
809,"ビデオカメラ",93,"2017-06-28 07:15:12","2017-06-28 07:15:12"
810,"レンズ(単焦点)",93,"2017-06-28 07:15:12","2017-06-28 07:15:12"
811,"レンズ(ズーム)",93,"2017-06-28 07:15:12","2017-06-28 07:15:12"
812,"フィルムカメラ",93,"2017-06-28 07:15:12","2017-06-28 07:15:12"
813,"防犯カメラ",93,"2017-06-28 07:15:12","2017-06-28 07:15:12"
814,"その他",93,"2017-06-28 07:15:12","2017-06-28 07:15:12"
815,"テレビ",94,"2017-06-28 07:15:12","2017-06-28 07:15:12"
816,"プロジェクター",94,"2017-06-28 07:15:12","2017-06-28 07:15:12"
817,"ブルーレイレコーダー",94,"2017-06-28 07:15:12","2017-06-28 07:15:12"
818,"DVDレコーダー",94,"2017-06-28 07:15:12","2017-06-28 07:15:12"
819,"ブルーレイプレーヤー",94,"2017-06-28 07:15:12","2017-06-28 07:15:12"
820,"DVDプレーヤー",94,"2017-06-28 07:15:12","2017-06-28 07:15:12"
821,"映像用ケーブル",94,"2017-06-28 07:15:12","2017-06-28 07:15:12"
822,"その他",94,"2017-06-28 07:15:12","2017-06-28 07:15:12"
823,"ポータブルプレーヤー",95,"2017-06-28 07:15:12","2017-06-28 07:15:12"
824,"イヤフォン",95,"2017-06-28 07:15:12","2017-06-28 07:15:12"
825,"ヘッドフォン",95,"2017-06-28 07:15:12","2017-06-28 07:15:12"
826,"アンプ",95,"2017-06-28 07:15:12","2017-06-28 07:15:12"
827,"スピーカー",95,"2017-06-28 07:15:12","2017-06-28 07:15:12"
828,"ケーブル/シールド",95,"2017-06-28 07:15:12","2017-06-28 07:15:12"
829,"ラジオ",95,"2017-06-28 07:15:12","2017-06-28 07:15:12"
830,"その他",95,"2017-06-28 07:15:12","2017-06-28 07:15:12"
831,"ヘアドライヤー",96,"2017-06-28 07:15:12","2017-06-28 07:15:12"
832,"ヘアアイロン",96,"2017-06-28 07:15:12","2017-06-28 07:15:12"
833,"美容機器",96,"2017-06-28 07:15:12","2017-06-28 07:15:12"
834,"マッサージ機",96,"2017-06-28 07:15:12","2017-06-28 07:15:12"
835,"電気シェーバー",96,"2017-06-28 07:15:12","2017-06-28 07:15:12"
836,"電動歯ブラシ",96,"2017-06-28 07:15:12","2017-06-28 07:15:12"
837,"その他",96,"2017-06-28 07:15:12","2017-06-28 07:15:12"
838,"エアコン",97,"2017-06-28 07:15:12","2017-06-28 07:15:12"
839,"空気清浄器",97,"2017-06-28 07:15:12","2017-06-28 07:15:12"
840,"加湿器",97,"2017-06-28 07:15:12","2017-06-28 07:15:12"
841,"扇風機",97,"2017-06-28 07:15:12","2017-06-28 07:15:12"
842,"除湿機",97,"2017-06-28 07:15:12","2017-06-28 07:15:12"
843,"ファンヒーター",97,"2017-06-28 07:15:12","2017-06-28 07:15:12"
844,"電気ヒーター",97,"2017-06-28 07:15:12","2017-06-28 07:15:12"
845,"オイルヒーター",97,"2017-06-28 07:15:12","2017-06-28 07:15:12"
846,"ストーブ",97,"2017-06-28 07:15:12","2017-06-28 07:15:12"
847,"ホットカーペット",97,"2017-06-28 07:15:12","2017-06-28 07:15:12"
848,"こたつ",97,"2017-06-28 07:15:12","2017-06-28 07:15:12"
849,"電気毛布",97,"2017-06-28 07:15:12","2017-06-28 07:15:12"
850,"その他",97,"2017-06-28 07:15:12","2017-06-28 07:15:12"
851,"冷蔵庫",98,"2017-06-28 07:15:12","2017-06-28 07:15:12"
852,"洗濯機",98,"2017-06-28 07:15:12","2017-06-28 07:15:12"
853,"炊飯器",98,"2017-06-28 07:15:12","2017-06-28 07:15:12"
854,"電子レンジ/オーブン",98,"2017-06-28 07:15:12","2017-06-28 07:15:12"
855,"調理機器",98,"2017-06-28 07:15:12","2017-06-28 07:15:12"
856,"アイロン",98,"2017-06-28 07:15:12","2017-06-28 07:15:12"
857,"掃除機",98,"2017-06-28 07:15:13","2017-06-28 07:15:13"
858,"エスプレッソマシン",98,"2017-06-28 07:15:13","2017-06-28 07:15:13"
859,"コーヒーメーカー",98,"2017-06-28 07:15:13","2017-06-28 07:15:13"
860,"衣類乾燥機",98,"2017-06-28 07:15:13","2017-06-28 07:15:13"
861,"その他",98,"2017-06-28 07:15:13","2017-06-28 07:15:13"
862,"その他",99,"2017-06-28 07:15:13","2017-06-28 07:15:13"
863,"自転車本体",100,"2017-06-28 07:15:13","2017-06-28 07:15:13"
864,"ウエア",100,"2017-06-28 07:15:13","2017-06-28 07:15:13"
865,"パーツ",100,"2017-06-28 07:15:13","2017-06-28 07:15:13"
866,"アクセサリー",100,"2017-06-28 07:15:13","2017-06-28 07:15:13"
867,"バッグ",100,"2017-06-28 07:15:13","2017-06-28 07:15:13"
868,"工具/メンテナンス",100,"2017-06-28 07:15:13","2017-06-28 07:15:13"
869,"その他",100,"2017-06-28 07:15:13","2017-06-28 07:15:13"
870,"クラブ",101,"2017-06-28 07:15:13","2017-06-28 07:15:13"
871,"ウエア(男性用)",101,"2017-06-28 07:15:13","2017-06-28 07:15:13"
872,"ウエア(女性用)",101,"2017-06-28 07:15:13","2017-06-28 07:15:13"
873,"バッグ",101,"2017-06-28 07:15:13","2017-06-28 07:15:13"
874,"シューズ(男性用)",101,"2017-06-28 07:15:13","2017-06-28 07:15:13"
875,"シューズ(女性用)",101,"2017-06-28 07:15:13","2017-06-28 07:15:13"
876,"アクセサリー",101,"2017-06-28 07:15:13","2017-06-28 07:15:13"
877,"その他",101,"2017-06-28 07:15:13","2017-06-28 07:15:13"
878,"テント/タープ",102,"2017-06-28 07:15:13","2017-06-28 07:15:13"
879,"ライト/ランタン",102,"2017-06-28 07:15:13","2017-06-28 07:15:13"
880,"寝袋/寝具",102,"2017-06-28 07:15:13","2017-06-28 07:15:13"
881,"テーブル/チェア",102,"2017-06-28 07:15:13","2017-06-28 07:15:13"
882,"ストーブ/コンロ",102,"2017-06-28 07:15:13","2017-06-28 07:15:13"
883,"調理器具",102,"2017-06-28 07:15:13","2017-06-28 07:15:13"
884,"食器",102,"2017-06-28 07:15:13","2017-06-28 07:15:13"
885,"登山用品",102,"2017-06-28 07:15:13","2017-06-28 07:15:13"
886,"その他",102,"2017-06-28 07:15:13","2017-06-28 07:15:13"
887,"ロッド",103,"2017-06-28 07:15:13","2017-06-28 07:15:13"
888,"リール",103,"2017-06-28 07:15:13","2017-06-28 07:15:13"
889,"ルアー用品",103,"2017-06-28 07:15:13","2017-06-28 07:15:13"
890,"ウエア",103,"2017-06-28 07:15:13","2017-06-28 07:15:13"
891,"釣り糸/ライン",103,"2017-06-28 07:15:13","2017-06-28 07:15:13"
892,"その他",103,"2017-06-28 07:15:13","2017-06-28 07:15:13"
893,"ボード",104,"2017-06-28 07:15:13","2017-06-28 07:15:13"
894,"バインディング",104,"2017-06-28 07:15:13","2017-06-28 07:15:13"
895,"ブーツ(男性用)",104,"2017-06-28 07:15:13","2017-06-28 07:15:13"
896,"ブーツ(女性用)",104,"2017-06-28 07:15:13","2017-06-28 07:15:13"
897,"ブーツ(子ども用)",104,"2017-06-28 07:15:13","2017-06-28 07:15:13"
898,"ウエア/装備(男性用)",104,"2017-06-28 07:15:13","2017-06-28 07:15:13"
899,"ウエア/装備(女性用)",104,"2017-06-28 07:15:13","2017-06-28 07:15:13"
900,"ウエア/装備(子ども用)",104,"2017-06-28 07:15:13","2017-06-28 07:15:13"
901,"アクセサリー",104,"2017-06-28 07:15:13","2017-06-28 07:15:13"
902,"バッグ",104,"2017-06-28 07:15:13","2017-06-28 07:15:13"
903,"その他",104,"2017-06-28 07:15:13","2017-06-28 07:15:13"
904,"板",105,"2017-06-28 07:15:13","2017-06-28 07:15:13"
905,"ブーツ(男性用)",105,"2017-06-28 07:15:13","2017-06-28 07:15:13"
906,"ブーツ(女性用)",105,"2017-06-28 07:15:13","2017-06-28 07:15:13"
907,"ブーツ(子ども用)",105,"2017-06-28 07:15:13","2017-06-28 07:15:13"
908,"ビンディング",105,"2017-06-28 07:15:13","2017-06-28 07:15:13"
909,"ウエア(男性用)",105,"2017-06-28 07:15:13","2017-06-28 07:15:13"
910,"ウエア(女性用)",105,"2017-06-28 07:15:13","2017-06-28 07:15:13"
911,"ウエア(子ども用)",105,"2017-06-28 07:15:13","2017-06-28 07:15:13"
912,"ストック",105,"2017-06-28 07:15:13","2017-06-28 07:15:13"
913,"その他",105,"2017-06-28 07:15:13","2017-06-28 07:15:13"
914,"ランニング",106,"2017-06-28 07:15:13","2017-06-28 07:15:13"
915,"ウォーキング",106,"2017-06-28 07:15:13","2017-06-28 07:15:13"
916,"ヨガ",106,"2017-06-28 07:15:13","2017-06-28 07:15:13"
917,"トレーニング用品",106,"2017-06-28 07:15:13","2017-06-28 07:15:13"
918,"その他",106,"2017-06-28 07:15:13","2017-06-28 07:15:13"
919,"野球",107,"2017-06-28 07:15:13","2017-06-28 07:15:13"
920,"サッカー/フットサル",107,"2017-06-28 07:15:13","2017-06-28 07:15:13"
921,"サーフィン",107,"2017-06-28 07:15:13","2017-06-28 07:15:13"
922,"スケートボード",107,"2017-06-28 07:15:13","2017-06-28 07:15:13"
923,"ダンス/バレエ",107,"2017-06-28 07:15:13","2017-06-28 07:15:13"
924,"バスケットボール",107,"2017-06-28 07:15:13","2017-06-28 07:15:13"
925,"陸上競技",107,"2017-06-28 07:15:13","2017-06-28 07:15:13"
926,"テニス",107,"2017-06-28 07:15:13","2017-06-28 07:15:13"
927,"バドミントン",107,"2017-06-28 07:15:13","2017-06-28 07:15:13"
928,"バレーボール",107,"2017-06-28 07:15:13","2017-06-28 07:15:13"
929,"ボウリング",107,"2017-06-28 07:15:13","2017-06-28 07:15:13"
930,"ラグビー",107,"2017-06-28 07:15:13","2017-06-28 07:15:13"
931,"ボクシング",107,"2017-06-28 07:15:13","2017-06-28 07:15:13"
932,"アメリカンフットボール",107,"2017-06-28 07:15:13","2017-06-28 07:15:13"
933,"その他",107,"2017-06-28 07:15:13","2017-06-28 07:15:13"
934,"旅行用品",108,"2017-06-28 07:15:13","2017-06-28 07:15:13"
935,"その他",108,"2017-06-28 07:15:13","2017-06-28 07:15:13"
936,"ピアス",109,"2017-06-28 07:15:13","2017-06-28 07:15:13"
937,"イヤリング",109,"2017-06-28 07:15:13","2017-06-28 07:15:13"
938,"ネックレス",109,"2017-06-28 07:15:13","2017-06-28 07:15:13"
939,"ブレスレット",109,"2017-06-28 07:15:13","2017-06-28 07:15:13"
940,"リング",109,"2017-06-28 07:15:13","2017-06-28 07:15:13"
941,"チャーム",109,"2017-06-28 07:15:13","2017-06-28 07:15:13"
942,"ヘアゴム",109,"2017-06-28 07:15:13","2017-06-28 07:15:13"
943,"アンクレット",109,"2017-06-28 07:15:13","2017-06-28 07:15:13"
944,"その他",109,"2017-06-28 07:15:13","2017-06-28 07:15:13"
945,"バッグ(女性用)",110,"2017-06-28 07:15:13","2017-06-28 07:15:13"
946,"バッグ(男性用)",110,"2017-06-28 07:15:13","2017-06-28 07:15:13"
947,"財布(女性用)",110,"2017-06-28 07:15:13","2017-06-28 07:15:13"
948,"財布(男性用)",110,"2017-06-28 07:15:13","2017-06-28 07:15:13"
949,"ファッション雑貨",110,"2017-06-28 07:15:13","2017-06-28 07:15:13"
950,"その他",110,"2017-06-28 07:15:13","2017-06-28 07:15:13"
951,"アクセサリー(男性用)",111,"2017-06-28 07:15:13","2017-06-28 07:15:13"
952,"時計(女性用)",111,"2017-06-28 07:15:13","2017-06-28 07:15:13"
953,"時計(男性用)",111,"2017-06-28 07:15:13","2017-06-28 07:15:13"
954,"その他",111,"2017-06-28 07:15:13","2017-06-28 07:15:13"
955,"キッチン用品",112,"2017-06-28 07:15:13","2017-06-28 07:15:13"
956,"家具",112,"2017-06-28 07:15:13","2017-06-28 07:15:13"
957,"文房具",112,"2017-06-28 07:15:13","2017-06-28 07:15:13"
958,"アート/写真",112,"2017-06-28 07:15:13","2017-06-28 07:15:13"
959,"アロマ/キャンドル",112,"2017-06-28 07:15:13","2017-06-28 07:15:13"
960,"フラワー/ガーデン",112,"2017-06-28 07:15:13","2017-06-28 07:15:13"
961,"その他",112,"2017-06-28 07:15:13","2017-06-28 07:15:13"
962,"クラフト/布製品",113,"2017-06-28 07:15:13","2017-06-28 07:15:13"
963,"おもちゃ/人形",113,"2017-06-28 07:15:13","2017-06-28 07:15:13"
964,"その他",113,"2017-06-28 07:15:13","2017-06-28 07:15:13"
965,"ファッション雑貨",114,"2017-06-28 07:15:13","2017-06-28 07:15:13"
966,"スタイ/よだれかけ",114,"2017-06-28 07:15:13","2017-06-28 07:15:13"
967,"外出用品",114,"2017-06-28 07:15:13","2017-06-28 07:15:13"
968,"ネームタグ",114,"2017-06-28 07:15:13","2017-06-28 07:15:13"
969,"その他",114,"2017-06-28 07:15:13","2017-06-28 07:15:13"
970,"各種パーツ",115,"2017-06-28 07:15:13","2017-06-28 07:15:13"
971,"生地/糸",115,"2017-06-28 07:15:13","2017-06-28 07:15:13"
972,"型紙/パターン",115,"2017-06-28 07:15:13","2017-06-28 07:15:13"
973,"その他",115,"2017-06-28 07:15:13","2017-06-28 07:15:13"
974,"クリエイターズ宇宙兄弟",116,"2017-06-28 07:15:13","2017-06-28 07:15:13"
975,"Ingress",116,"2017-06-28 07:15:13","2017-06-28 07:15:13"
976,"男性アイドル",118,"2017-06-28 07:15:13","2017-06-28 07:15:13"
977,"女性アイドル",118,"2017-06-28 07:15:13","2017-06-28 07:15:13"
978,"韓流",118,"2017-06-28 07:15:13","2017-06-28 07:15:13"
979,"国内アーティスト",118,"2017-06-28 07:15:13","2017-06-28 07:15:13"
980,"海外アーティスト",118,"2017-06-28 07:15:13","2017-06-28 07:15:13"
981,"音楽フェス",118,"2017-06-28 07:15:13","2017-06-28 07:15:13"
982,"声優/アニメ",118,"2017-06-28 07:15:13","2017-06-28 07:15:13"
983,"その他",118,"2017-06-28 07:15:13","2017-06-28 07:15:13"
984,"サッカー",119,"2017-06-28 07:15:13","2017-06-28 07:15:13"
985,"野球",119,"2017-06-28 07:15:13","2017-06-28 07:15:13"
986,"テニス",119,"2017-06-28 07:15:13","2017-06-28 07:15:13"
987,"格闘技/プロレス",119,"2017-06-28 07:15:13","2017-06-28 07:15:13"
988,"相撲/武道",119,"2017-06-28 07:15:13","2017-06-28 07:15:13"
989,"ゴルフ",119,"2017-06-28 07:15:13","2017-06-28 07:15:13"
990,"バレーボール",119,"2017-06-28 07:15:13","2017-06-28 07:15:13"
991,"バスケットボール",119,"2017-06-28 07:15:13","2017-06-28 07:15:13"
992,"モータースポーツ",119,"2017-06-28 07:15:13","2017-06-28 07:15:13"
993,"ウィンタースポーツ",119,"2017-06-28 07:15:13","2017-06-28 07:15:13"
994,"その他",119,"2017-06-28 07:15:13","2017-06-28 07:15:13"
995,"ミュージカル",120,"2017-06-28 07:15:13","2017-06-28 07:15:13"
996,"演劇",120,"2017-06-28 07:15:13","2017-06-28 07:15:13"
997,"伝統芸能",120,"2017-06-28 07:15:13","2017-06-28 07:15:13"
998,"落語",120,"2017-06-28 07:15:13","2017-06-28 07:15:13"
999,"お笑い",120,"2017-06-28 07:15:13","2017-06-28 07:15:13"
1000,"オペラ",120,"2017-06-28 07:15:13","2017-06-28 07:15:13"
1001,"サーカス",120,"2017-06-28 07:15:13","2017-06-28 07:15:13"
1002,"バレエ",120,"2017-06-28 07:15:13","2017-06-28 07:15:13"
1003,"その他",120,"2017-06-28 07:15:13","2017-06-28 07:15:13"
1004,"声優/アニメ",121,"2017-06-28 07:15:13","2017-06-28 07:15:13"
1005,"キッズ/ファミリー",121,"2017-06-28 07:15:13","2017-06-28 07:15:13"
1006,"トークショー/講演会",121,"2017-06-28 07:15:13","2017-06-28 07:15:13"
1007,"その他",121,"2017-06-28 07:15:13","2017-06-28 07:15:13"
1008,"邦画",122,"2017-06-28 07:15:13","2017-06-28 07:15:13"
1009,"洋画",122,"2017-06-28 07:15:13","2017-06-28 07:15:13"
1010,"その他",122,"2017-06-28 07:15:13","2017-06-28 07:15:13"
1011,"遊園地/テーマパーク",123,"2017-06-28 07:15:13","2017-06-28 07:15:13"
1012,"美術館/博物館",123,"2017-06-28 07:15:13","2017-06-28 07:15:13"
1013,"スキー場",123,"2017-06-28 07:15:13","2017-06-28 07:15:13"
1014,"ゴルフ場",123,"2017-06-28 07:15:13","2017-06-28 07:15:13"
1015,"フィットネスクラブ",123,"2017-06-28 07:15:13","2017-06-28 07:15:13"
1016,"プール",123,"2017-06-28 07:15:13","2017-06-28 07:15:13"
1017,"ボウリング場",123,"2017-06-28 07:15:13","2017-06-28 07:15:13"
1018,"水族館",123,"2017-06-28 07:15:13","2017-06-28 07:15:13"
1019,"動物園",123,"2017-06-28 07:15:13","2017-06-28 07:15:13"
1020,"その他",123,"2017-06-28 07:15:13","2017-06-28 07:15:13"
1021,"ショッピング",124,"2017-06-28 07:15:13","2017-06-28 07:15:13"
1022,"レストラン/食事券",124,"2017-06-28 07:15:13","2017-06-28 07:15:13"
1023,"フード/ドリンク券",124,"2017-06-28 07:15:13","2017-06-28 07:15:13"
1024,"宿泊券",124,"2017-06-28 07:15:13","2017-06-28 07:15:13"
1025,"その他",124,"2017-06-28 07:15:13","2017-06-28 07:15:13"
1026,"航空券",125,"2017-06-28 07:15:13","2017-06-28 07:15:13"
1027,"鉄道乗車券",125,"2017-06-28 07:15:13","2017-06-28 07:15:13"
1028,"その他",125,"2017-06-28 07:15:13","2017-06-28 07:15:13"
1029,"国内自動車本体",127,"2017-06-28 07:15:13","2017-06-28 07:15:13"
1030,"外国自動車本体",127,"2017-06-28 07:15:13","2017-06-28 07:15:13"
1031,"タイヤ/ホイールセット",127,"2017-06-28 07:15:13","2017-06-28 07:15:13"
1032,"タイヤ",127,"2017-06-28 07:15:13","2017-06-28 07:15:13"
1033,"ホイール",127,"2017-06-28 07:15:13","2017-06-28 07:15:13"
1034,"国内自動車用パーツ",127,"2017-06-28 07:15:13","2017-06-28 07:15:13"
1035,"外国自動車用パーツ",127,"2017-06-28 07:15:13","2017-06-28 07:15:13"
1036,"汎用パーツ",127,"2017-06-28 07:15:13","2017-06-28 07:15:13"
1037,"チャイルドシート",127,"2017-06-28 07:15:13","2017-06-28 07:15:13"
1038,"カーナビ",127,"2017-06-28 07:15:13","2017-06-28 07:15:13"
1039,"カーオーディオ",127,"2017-06-28 07:15:13","2017-06-28 07:15:13"
1040,"レーダー探知機",127,"2017-06-28 07:15:13","2017-06-28 07:15:13"
1041,"車外アクセサリー",127,"2017-06-28 07:15:13","2017-06-28 07:15:13"
1042,"車内アクセサリー",127,"2017-06-28 07:15:13","2017-06-28 07:15:13"
1043,"ETC",127,"2017-06-28 07:15:13","2017-06-28 07:15:13"
1044,"ドライブレコーダー",127,"2017-06-28 07:15:13","2017-06-28 07:15:13"
1045,"セキュリティ",127,"2017-06-28 07:15:13","2017-06-28 07:15:13"
1046,"メンテナンス用品",127,"2017-06-28 07:15:13","2017-06-28 07:15:13"
1047,"カタログ/マニュアル",127,"2017-06-28 07:15:13","2017-06-28 07:15:13"
1048,"その他",127,"2017-06-28 07:15:13","2017-06-28 07:15:13"
1049,"車体",128,"2017-06-28 07:15:14","2017-06-28 07:15:14"
1050,"国内オートバイ用パーツ",128,"2017-06-28 07:15:14","2017-06-28 07:15:14"
1051,"外国オートバイ用パーツ",128,"2017-06-28 07:15:14","2017-06-28 07:15:14"
1052,"ヘルメット/シールド",128,"2017-06-28 07:15:14","2017-06-28 07:15:14"
1053,"バイクウエア/装備",128,"2017-06-28 07:15:14","2017-06-28 07:15:14"
1054,"アクセサリー",128,"2017-06-28 07:15:14","2017-06-28 07:15:14"
1055,"メンテナンス",128,"2017-06-28 07:15:14","2017-06-28 07:15:14"
1056,"カタログ/マニュアル",128,"2017-06-28 07:15:14","2017-06-28 07:15:14"
1057,"その他",128,"2017-06-28 07:15:14","2017-06-28 07:15:14"
1058,"魚介類",129,"2017-06-28 07:15:14","2017-06-28 07:15:14"
1059,"肉類",129,"2017-06-28 07:15:14","2017-06-28 07:15:14"
1060,"米",129,"2017-06-28 07:15:14","2017-06-28 07:15:14"
1061,"野菜",129,"2017-06-28 07:15:14","2017-06-28 07:15:14"
1062,"果物",129,"2017-06-28 07:15:14","2017-06-28 07:15:14"
1063,"加工食品",129,"2017-06-28 07:15:14","2017-06-28 07:15:14"
1064,"菓子",129,"2017-06-28 07:15:14","2017-06-28 07:15:14"
1065,"調味料",129,"2017-06-28 07:15:14","2017-06-28 07:15:14"
1066,"飲料",129,"2017-06-28 07:15:14","2017-06-28 07:15:14"
1067,"その他",129,"2017-06-28 07:15:14","2017-06-28 07:15:14"
1068,"日用品/生活雑貨",130,"2017-06-28 07:15:14","2017-06-28 07:15:14"
1069,"タオル/バス用品",130,"2017-06-28 07:15:14","2017-06-28 07:15:14"
1070,"旅行用品",130,"2017-06-28 07:15:14","2017-06-28 07:15:14"
1071,"防災関連グッズ",130,"2017-06-28 07:15:14","2017-06-28 07:15:14"
1072,"洗剤/柔軟剤",130,"2017-06-28 07:15:14","2017-06-28 07:15:14"
1073,"その他",130,"2017-06-28 07:15:14","2017-06-28 07:15:14"
1074,"筆記具",131,"2017-06-28 07:15:14","2017-06-28 07:15:14"
1075,"ノート/メモ帳",131,"2017-06-28 07:15:14","2017-06-28 07:15:14"
1076,"ファイル/バインダー",131,"2017-06-28 07:15:14","2017-06-28 07:15:14"
1077,"はさみ/カッター",131,"2017-06-28 07:15:14","2017-06-28 07:15:14"
1078,"のり/ホッチキス",131,"2017-06-28 07:15:14","2017-06-28 07:15:14"
1079,"テープ/マスキングテープ",131,"2017-06-28 07:15:14","2017-06-28 07:15:14"
1080,"カードホルダー/名刺管理",131,"2017-06-28 07:15:14","2017-06-28 07:15:14"
1081,"カレンダー/スケジュール",131,"2017-06-28 07:15:14","2017-06-28 07:15:14"
1082,"アルバム/スクラップ",131,"2017-06-28 07:15:14","2017-06-28 07:15:14"
1083,"その他",131,"2017-06-28 07:15:14","2017-06-28 07:15:14"
1084,"犬",132,"2017-06-28 07:15:14","2017-06-28 07:15:14"
1085,"猫",132,"2017-06-28 07:15:14","2017-06-28 07:15:14"
1086,"小動物",132,"2017-06-28 07:15:14","2017-06-28 07:15:14"
1087,"鳥",132,"2017-06-28 07:15:14","2017-06-28 07:15:14"
1088,"魚/水草",132,"2017-06-28 07:15:14","2017-06-28 07:15:14"
1089,"爬虫類/両生類用品",132,"2017-06-28 07:15:14","2017-06-28 07:15:14"
1090,"虫類",132,"2017-06-28 07:15:14","2017-06-28 07:15:14"
1091,"かご/おり",132,"2017-06-28 07:15:14","2017-06-28 07:15:14"
1092,"ペットフード",132,"2017-06-28 07:15:14","2017-06-28 07:15:14"
1093,"その他",132,"2017-06-28 07:15:14","2017-06-28 07:15:14"
1094,"店舗用品",133,"2017-06-28 07:15:14","2017-06-28 07:15:14"
1095,"OA機器",133,"2017-06-28 07:15:14","2017-06-28 07:15:14"
1096,"オフィス家具",133,"2017-06-28 07:15:14","2017-06-28 07:15:14"
1097,"オフィス用品一般",133,"2017-06-28 07:15:14","2017-06-28 07:15:14"
1098,"ラッピング/包装",133,"2017-06-28 07:15:14","2017-06-28 07:15:14"
1099,"その他",133,"2017-06-28 07:15:14","2017-06-28 07:15:14"
1100,"工芸品",134,"2017-06-28 07:15:14","2017-06-28 07:15:14"
1101,"雑貨",134,"2017-06-28 07:15:14","2017-06-28 07:15:14"
1102,"印刷物",134,"2017-06-28 07:15:14","2017-06-28 07:15:14"
1103,"家具",134,"2017-06-28 07:15:14","2017-06-28 07:15:14"
1104,"その他",134,"2017-06-28 07:15:14","2017-06-28 07:15:14"
